,name,price,image
0,iPhone 11 64GB I Chính hãng VN/A ,11.490.000 ₫,https://cdn.cellphones.com.vn/media/catalog/product/cache/7/small_image/9df78eab33525d08d6e5fb8d27136e95/i/p/iphone_11_white_4_.png
1,iPhone 13 Pro Max 128GB | Chính hãng VN/A,29.590.000 ₫,https://cdn.cellphones.com.vn/media/catalog/product/cache/7/small_image/9df78eab33525d08d6e5fb8d27136e95/i/p/iphone_13-_pro-5_4.jpg
2,iPhone 11 Pro Max Chính hãng VN/A,26.000.000 ₫,https://cdn.cellphones.com.vn/media/catalog/product/cache/7/small_image/9df78eab33525d08d6e5fb8d27136e95/d/o/download_19__1.png
3,iPhone 12 Pro Max 128GB I Chính hãng VN/A ,27.000.000 ₫,https://cdn.cellphones.com.vn/media/catalog/product/cache/7/small_image/9df78eab33525d08d6e5fb8d27136e95/i/p/iphone_12_pro_max_white_1.png
4,Nubia Red Magic 7 Obsidian 12GB 128GB,18.990.000 ₫,https://cdn.cellphones.com.vn/media/catalog/product/cache/7/small_image/9df78eab33525d08d6e5fb8d27136e95/n/u/nubia_red_magic_7_supernova_18gb_256gb.jpg
5,Xiaomi Redmi Note 11 Pro Plus 5G,8.990.000 ₫,https://cdn.cellphones.com.vn/media/catalog/product/cache/7/small_image/9df78eab33525d08d6e5fb8d27136e95/1/1/11-pro-plus-blue.jpg
6, Xiaomi 11T,9.900.000 ₫,https://cdn.cellphones.com.vn/media/catalog/product/cache/7/small_image/9df78eab33525d08d6e5fb8d27136e95/x/i/xiaomi-mi-11t-1_1.jpg
7,Samsung Galaxy Note 20 Ultra 5G,18.990.000 ₫,https://cdn.cellphones.com.vn/media/catalog/product/cache/7/small_image/9df78eab33525d08d6e5fb8d27136e95/y/e/yellow_final_2.jpg
8,iPhone 13 128GB | Chính hãng VN/A,21.450.000 ₫,https://cdn.cellphones.com.vn/media/catalog/product/cache/7/small_image/9df78eab33525d08d6e5fb8d27136e95/i/p/ip13-pro_2.jpg
9,iPhone 12 64GB I Chính hãng VN/A ,15.990.000 ₫,https://cdn.cellphones.com.vn/media/catalog/product/cache/7/small_image/9df78eab33525d08d6e5fb8d27136e95/i/p/iphone-12_2__3.jpg
10,OPPO Reno7 Z (5G),9.390.000 ₫,https://cdn.cellphones.com.vn/media/catalog/product/cache/7/small_image/9df78eab33525d08d6e5fb8d27136e95/c/o/combo_product_-_rainbow_spectrum_-_reno7_z.png
11,Tecno Pova Neo (4GB - 64GB),2.649.000 ₫,https://cdn.cellphones.com.vn/media/catalog/product/cache/7/small_image/9df78eab33525d08d6e5fb8d27136e95/t/e/tecno-pova-neo-geek-blue-1.png
12,iPhone 11 128GB I Chính hãng VN/A ,13.500.000 ₫,https://cdn.cellphones.com.vn/media/catalog/product/cache/7/small_image/9df78eab33525d08d6e5fb8d27136e95/i/p/iphone_11_white.png
13,Xiaomi Mi 11 Lite 5G,7.490.000 ₫,https://cdn.cellphones.com.vn/media/catalog/product/cache/7/small_image/9df78eab33525d08d6e5fb8d27136e95/x/i/xiaomi-mi-11-lite-5g-2_10.png
14,Xiaomi POCO X3 Pro,Đăng ký nhận tin,https://cdn.cellphones.com.vn/media/catalog/product/cache/7/small_image/9df78eab33525d08d6e5fb8d27136e95/x/i/xiaomi-poco-x3-pro-2.jpg
15,Vivo T1X,4.050.000 ₫,https://cdn.cellphones.com.vn/media/catalog/product/cache/7/small_image/9df78eab33525d08d6e5fb8d27136e95/t/1/t1x_01.png
16,OPPO Reno6 Z 5G,6.990.000 ₫,https://cdn.cellphones.com.vn/media/catalog/product/cache/7/small_image/9df78eab33525d08d6e5fb8d27136e95/o/p/oppo_reno6.jpg
17,iPhone SE 2022 | Chính hãng VN/A,11.790.000 ₫,https://cdn.cellphones.com.vn/media/catalog/product/cache/7/small_image/9df78eab33525d08d6e5fb8d27136e95/i/p/iphone-se-red-select-20220322.jpg
18,Vsmart Aris 8GB 128GB,3.990.000 ₫,https://cdn.cellphones.com.vn/media/catalog/product/cache/7/small_image/9df78eab33525d08d6e5fb8d27136e95/1/1/11_3_1_1.png
19,Tecno Pova 2,3.350.000 ₫,https://cdn.cellphones.com.vn/media/catalog/product/cache/7/small_image/9df78eab33525d08d6e5fb8d27136e95/t/e/tecno-pova-2-3.jpg
44,iPhone 13 Pro 128GB | Chính hãng VN/A,27.500.000 ₫,https://cdn.cellphones.com.vn/media/catalog/product/cache/7/small_image/9df78eab33525d08d6e5fb8d27136e95/i/p/iphone_13-_pro-5.jpg
45,OPPO Reno7 (5G),11.490.000 ₫,https://cdn.cellphones.com.vn/media/catalog/product/cache/7/small_image/9df78eab33525d08d6e5fb8d27136e95/c/o/combo_product_-_blue_-_reno7_5g.png
46,ASUS ROG Phone 5S 16GB 512GB,20.490.000 ₫,https://cdn.cellphones.com.vn/media/catalog/product/cache/7/small_image/9df78eab33525d08d6e5fb8d27136e95/h/7/h732_1.png
47,Realme Narzo 50A,Đăng ký nhận tin,https://cdn.cellphones.com.vn/media/catalog/product/cache/7/small_image/9df78eab33525d08d6e5fb8d27136e95/r/e/realme-narzo-50a-600x600.jpg
48,Xiaomi 12,15.990.000 ₫,https://cdn.cellphones.com.vn/media/catalog/product/cache/7/small_image/9df78eab33525d08d6e5fb8d27136e95/t/_/t_i_xu_ng_1__3_10.png
49,ASUS ROG Phone 5 chính hãng,18.990.000 ₫,https://cdn.cellphones.com.vn/media/catalog/product/cache/7/small_image/9df78eab33525d08d6e5fb8d27136e95/a/s/asus-rog-phone-5_0002_gsmarena_001.jpg
50,OPPO A95,6.090.000 ₫,https://cdn.cellphones.com.vn/media/catalog/product/cache/7/small_image/9df78eab33525d08d6e5fb8d27136e95/c/o/combo_a95_-_en_-_cmyk.jpg
51,ASUS ROG Phone 5S 16GB 256GB,18.990.000 ₫,https://cdn.cellphones.com.vn/media/catalog/product/cache/7/small_image/9df78eab33525d08d6e5fb8d27136e95/a/s/asus-rog-phone-5_0002_gsmarena_001_3_1.jpg
52,Tecno Spark 8C 4GB 64GB,2.590.000 ₫,https://cdn.cellphones.com.vn/media/catalog/product/cache/7/small_image/9df78eab33525d08d6e5fb8d27136e95/4/0/40_1_23.jpg
53,iPhone 12 128GB I Chính hãng VN/A ,17.990.000 ₫,https://cdn.cellphones.com.vn/media/catalog/product/cache/7/small_image/9df78eab33525d08d6e5fb8d27136e95/i/p/iphone_12_red.png
54,iPhone 13 Pro Max 256GB I Chính hãng VN/A,37.990.000 ₫,https://cdn.cellphones.com.vn/media/catalog/product/cache/7/small_image/9df78eab33525d08d6e5fb8d27136e95/i/p/iphone_13-_pro-5_4_1.jpg
180,Nubia Red Magic 6s Pro Cyborg 12GB 128GB,16.490.000 ₫,https://cdn.cellphones.com.vn/media/catalog/product/cache/7/small_image/9df78eab33525d08d6e5fb8d27136e95/n/u/nubia-red-magic-6s-pro-black.png
181,OPPO Reno6 5G,10.390.000 ₫,https://cdn.cellphones.com.vn/media/catalog/product/cache/7/small_image/9df78eab33525d08d6e5fb8d27136e95/r/e/reno6-1_1.jpg
182,Samsung Galaxy S21 FE 5G (6GB - 128GB),11.290.000 ₫,https://cdn.cellphones.com.vn/media/catalog/product/cache/7/small_image/9df78eab33525d08d6e5fb8d27136e95/s/m/sm-g990_s21fe_backfront_lv_7.png
183,iPhone 12 mini 64GB I Chính hãng VN/A ,15.000.000 ₫,https://cdn.cellphones.com.vn/media/catalog/product/cache/7/small_image/9df78eab33525d08d6e5fb8d27136e95/i/p/iphone_12_mini_blue.png
184,Samsung Galaxy A52s 5G,7.850.000 ₫,https://cdn.cellphones.com.vn/media/catalog/product/cache/7/small_image/9df78eab33525d08d6e5fb8d27136e95/0/4/04_2_4.png
185,Samsung Galaxy A52,6.600.000 ₫,https://cdn.cellphones.com.vn/media/catalog/product/cache/7/small_image/9df78eab33525d08d6e5fb8d27136e95/s/a/samsung-galaxy-a52-26.jpg
186,ASUS ROG Phone 5S 12GB 256GB,17.990.000 ₫,https://cdn.cellphones.com.vn/media/catalog/product/cache/7/small_image/9df78eab33525d08d6e5fb8d27136e95/a/s/asus-rog-phone-5_0002_gsmarena_001_3_1_3.jpg
187,Xiaomi Redmi 9A,2.200.000 ₫,https://cdn.cellphones.com.vn/media/catalog/product/cache/7/small_image/9df78eab33525d08d6e5fb8d27136e95/r/e/redmi_9a_0005_background.jpg
188,Realme GT Neo 3,Đăng ký nhận tin,https://cdn.cellphones.com.vn/media/catalog/product/cache/7/small_image/9df78eab33525d08d6e5fb8d27136e95/r/e/realme-gt-neo3-600x600.jpg
189,Nubia Red Magic 6R ,9.990.000 ₫,https://cdn.cellphones.com.vn/media/catalog/product/cache/7/small_image/9df78eab33525d08d6e5fb8d27136e95/z/t/zte-nubia-red-magic-6r-.jpg
190,Xiaomi Redmi 10 (4GB - 64GB),3.650.000 ₫,https://cdn.cellphones.com.vn/media/catalog/product/cache/7/small_image/9df78eab33525d08d6e5fb8d27136e95/0/0/004.jpg
191,Redmi K40,Đăng ký nhận tin,https://cdn.cellphones.com.vn/media/catalog/product/cache/7/small_image/9df78eab33525d08d6e5fb8d27136e95/r/e/redmi-k40.jpg
192,Xiaomi 12 Pro (5G),22.390.000 ₫,https://cdn.cellphones.com.vn/media/catalog/product/cache/7/small_image/9df78eab33525d08d6e5fb8d27136e95/x/i/xiaomi-12-pro_arenamobiles.jpg
193,ASUS ROG Phone 5S 8GB 128GB ,15.790.000 ₫,https://cdn.cellphones.com.vn/media/catalog/product/cache/7/small_image/9df78eab33525d08d6e5fb8d27136e95/a/s/asus-rog-phone-5_0002_gsmarena_001_3_1_4.jpg
194,Tecno Pova 2 6G 128GB,3.850.000 ₫,https://cdn.cellphones.com.vn/media/catalog/product/cache/7/small_image/9df78eab33525d08d6e5fb8d27136e95/t/e/tecno-pova-2-2_2.jpg
246,Vivo Y15a,3.150.000 ₫,https://cdn.cellphones.com.vn/media/catalog/product/cache/7/small_image/9df78eab33525d08d6e5fb8d27136e95/d/i/dien-thoai-vivo-y15a-2021.png
247,Samsung Galaxy A72,10.100.000 ₫,https://cdn.cellphones.com.vn/media/catalog/product/cache/7/small_image/9df78eab33525d08d6e5fb8d27136e95/s/a/samsung-galaxy-a72-30.jpg
248,Realme Q3 Pro ,Đăng ký nhận tin,https://cdn.cellphones.com.vn/media/catalog/product/cache/7/small_image/9df78eab33525d08d6e5fb8d27136e95/r/e/realme-q3-pro-1.jpg
249,Xiaomi Redmi Note 10S,5.090.000 ₫,https://cdn.cellphones.com.vn/media/catalog/product/cache/7/small_image/9df78eab33525d08d6e5fb8d27136e95/x/i/xiaomi-redmi-note-10s-xanh-1.jpg
250,Tecno Pova Neo 6G 128GB,3.249.000 ₫,https://cdn.cellphones.com.vn/media/catalog/product/cache/7/small_image/9df78eab33525d08d6e5fb8d27136e95/t/e/tecno-pova-neo-geek-blue-1_1.png
251,Samsung Galaxy S20 FE 256GB (Fan Edition),11.990.000 ₫,https://cdn.cellphones.com.vn/media/catalog/product/cache/7/small_image/9df78eab33525d08d6e5fb8d27136e95/s/a/samsung-galaxy-20-fe_4_.jpg
252,Xiaomi Redmi Note 10,5.100.000 ₫,https://cdn.cellphones.com.vn/media/catalog/product/cache/7/small_image/9df78eab33525d08d6e5fb8d27136e95/x/i/xiaomi-redmi-note-10_1.jpg
253,iPhone XR 64GB I Chính hãng VN/A ,12.900.000 ₫,https://cdn.cellphones.com.vn/media/catalog/product/cache/7/small_image/9df78eab33525d08d6e5fb8d27136e95/i/p/iphone_xr_red.png
254,OPPO Reno4 Pro,7.990.000 ₫,https://cdn.cellphones.com.vn/media/catalog/product/cache/7/small_image/9df78eab33525d08d6e5fb8d27136e95/_/0/_0001_combo_-_reno4_pro_-_white.jpg
255,iPhone 12 Pro 128GB I Chính hãng VN/A ,25.500.000 ₫,https://cdn.cellphones.com.vn/media/catalog/product/cache/7/small_image/9df78eab33525d08d6e5fb8d27136e95/i/p/iphone_12_pro_black.png
256,Xiaomi Redmi Note 11 Pro 5G,8.490.000 ₫,https://cdn.cellphones.com.vn/media/catalog/product/cache/7/small_image/9df78eab33525d08d6e5fb8d27136e95/x/i/xiaomi_redmi_note_.jpg_pro_5g_blanco_01_l.jpg
319,Xiaomi Redmi 10 (4GB - 128GB),3.950.000 ₫,https://cdn.cellphones.com.vn/media/catalog/product/cache/7/small_image/9df78eab33525d08d6e5fb8d27136e95/0/0/001_2.jpg
320,Xiaomi Redmi 9C,3.050.000 ₫,https://cdn.cellphones.com.vn/media/catalog/product/cache/7/small_image/9df78eab33525d08d6e5fb8d27136e95/r/e/redmi-9c_2_.jpg
321,OPPO Find N,Đăng ký nhận tin,https://cdn.cellphones.com.vn/media/catalog/product/cache/7/small_image/9df78eab33525d08d6e5fb8d27136e95/o/p/oppo-find-n-leaked-evan-blass-222.jpg
322,Samsung Galaxy A12,3.750.000 ₫,https://cdn.cellphones.com.vn/media/catalog/product/cache/7/small_image/9df78eab33525d08d6e5fb8d27136e95/s/a/samsung-galaxy-a12_2_.jpg
323,Samsung Galaxy S20 Ultra,16.000.000 ₫,https://cdn.cellphones.com.vn/media/catalog/product/cache/7/small_image/9df78eab33525d08d6e5fb8d27136e95/6/3/637170935875912528_ss-s20-ultra-den-1.png
324,OPPO Reno7 4G (8GB - 128GB),7.890.000 ₫,https://cdn.cellphones.com.vn/media/catalog/product/cache/7/small_image/9df78eab33525d08d6e5fb8d27136e95/c/o/combo_product_-_black_-_reno7_4g.png
325,Realme 9 Pro,7.190.000 ₫,https://cdn.cellphones.com.vn/media/catalog/product/cache/7/small_image/9df78eab33525d08d6e5fb8d27136e95/r/e/real_me_pro_002.jpg
326,iPhone 13 mini 128GB | Chính hãng VN/A,17.490.000 ₫,https://cdn.cellphones.com.vn/media/catalog/product/cache/7/small_image/9df78eab33525d08d6e5fb8d27136e95/i/p/iphone-13-01_6.jpg
327,Realme C11 (2021),2.490.000 ₫,https://cdn.cellphones.com.vn/media/catalog/product/cache/7/small_image/9df78eab33525d08d6e5fb8d27136e95/d/o/download_15_5.jpg
328,Xiaomi Mi 10T Pro 5G,11.200.000 ₫,https://cdn.cellphones.com.vn/media/catalog/product/cache/7/small_image/9df78eab33525d08d6e5fb8d27136e95/x/i/xiaomi-mi-10t-pro_2_.jpg
329,Samsung Galaxy A71,7.700.000 ₫,https://cdn.cellphones.com.vn/media/catalog/product/cache/7/small_image/9df78eab33525d08d6e5fb8d27136e95/s/a/samsung-galaxy-a71-thumblo_n-tra_ng-600x600_1_2_1.jpg
330,ASUS ROG Phone 3 Chính hãng,17.490.000 ₫,https://cdn.cellphones.com.vn/media/catalog/product/cache/7/small_image/9df78eab33525d08d6e5fb8d27136e95/r/o/rog_3.jpg
331,Samsung Galaxy Note 20,15.000.000 ₫,https://cdn.cellphones.com.vn/media/catalog/product/cache/7/small_image/9df78eab33525d08d6e5fb8d27136e95/m/i/mint_final.jpg
332,Nubia Red Magic 6,16.990.000 ₫,https://cdn.cellphones.com.vn/media/catalog/product/cache/7/small_image/9df78eab33525d08d6e5fb8d27136e95/r/e/red-magic-6-1.jpg
333,Samsung Galaxy A51,6.500.000 ₫,https://cdn.cellphones.com.vn/media/catalog/product/cache/7/small_image/9df78eab33525d08d6e5fb8d27136e95/s/a/samsung-galaxy-a51-white-400x400_1_2_5_2.jpg
334,Redmi K50 Gaming Edition,Đăng ký nhận tin,https://cdn.cellphones.com.vn/media/catalog/product/cache/7/small_image/9df78eab33525d08d6e5fb8d27136e95/r/e/redmi-k40-gaming-08.jpg
413,Vsmart Aris Pro,4.790.000 ₫,https://cdn.cellphones.com.vn/media/catalog/product/cache/7/small_image/9df78eab33525d08d6e5fb8d27136e95/1/1/11_1_8.png
414,iPhone 13 256GB | Chính hãng VN/A,27.990.000 ₫,https://cdn.cellphones.com.vn/media/catalog/product/cache/7/small_image/9df78eab33525d08d6e5fb8d27136e95/i/p/iphone-13-02_2.jpg
415,OPPO Reno5 5G,8.990.000 ₫,https://cdn.cellphones.com.vn/media/catalog/product/cache/7/small_image/9df78eab33525d08d6e5fb8d27136e95/o/p/oppo-reno-5-5g_2_.jpg
416,Xiaomi Poco X3 GT,6.290.000 ₫,https://cdn.cellphones.com.vn/media/catalog/product/cache/7/small_image/9df78eab33525d08d6e5fb8d27136e95/p/o/pocox3gt1-1600x1600.png
417,Vivo V23 5G,10.990.000 ₫,https://cdn.cellphones.com.vn/media/catalog/product/cache/7/small_image/9df78eab33525d08d6e5fb8d27136e95/v/i/vivo_v23_03.jpg
418,Samsung Galaxy S21 FE 8GB 128GB,12.790.000 ₫,https://cdn.cellphones.com.vn/media/catalog/product/cache/7/small_image/9df78eab33525d08d6e5fb8d27136e95/s/m/sm-g990_s21fe_backfront_lv.png
419,Realme 8,6.390.000 ₫,https://cdn.cellphones.com.vn/media/catalog/product/cache/7/small_image/9df78eab33525d08d6e5fb8d27136e95/r/e/realme-8-1_2.png
420,Realme GT2 Pro,Đăng ký nhận tin,https://cdn.cellphones.com.vn/media/catalog/product/cache/7/small_image/9df78eab33525d08d6e5fb8d27136e95/r/e/realme-gt-5g-600x600-1-600x600.jpg
421,Nokia G50 (5G),4.590.000 ₫,https://cdn.cellphones.com.vn/media/catalog/product/cache/7/small_image/9df78eab33525d08d6e5fb8d27136e95/n/o/nokia-g50-4_1.jpeg
422,Oppo A16,3.490.000 ₫,https://cdn.cellphones.com.vn/media/catalog/product/cache/7/small_image/9df78eab33525d08d6e5fb8d27136e95/c/o/combo_-_a16_-_b_c.jpg
423,Xiaomi 11 Lite 5G NE,8.000.000 ₫,https://cdn.cellphones.com.vn/media/catalog/product/cache/7/small_image/9df78eab33525d08d6e5fb8d27136e95/x/i/xiaomi-11-lite-5g-014_1.jpg
424,Xiaomi Redmi K50,Đăng ký nhận tin,https://cdn.cellphones.com.vn/media/catalog/product/cache/7/small_image/9df78eab33525d08d6e5fb8d27136e95/o/k/ok_5.png
425,Samsung Galaxy A31,5.150.000 ₫,https://cdn.cellphones.com.vn/media/catalog/product/cache/7/small_image/9df78eab33525d08d6e5fb8d27136e95/3/_/3_48_27.jpg
426,Oneplus Nord N10 5G,5.490.000 ₫,https://cdn.cellphones.com.vn/media/catalog/product/cache/7/small_image/9df78eab33525d08d6e5fb8d27136e95/o/n/one_plus.png
427,Vsmart Joy 4,3.290.000 ₫,https://cdn.cellphones.com.vn/media/catalog/product/cache/7/small_image/9df78eab33525d08d6e5fb8d27136e95/v/s/vsmart-joy-4_2_.png
428,iPhone 12 Pro Max 256GB I Chính hãng VN/A ,29.000.000 ₫,https://cdn.cellphones.com.vn/media/catalog/product/cache/7/small_image/9df78eab33525d08d6e5fb8d27136e95/i/p/iphone_12_pro_max_white.png
429,Xiaomi Redmi 9T 4GB 64GB,3.990.000 ₫,https://cdn.cellphones.com.vn/media/catalog/product/cache/7/small_image/9df78eab33525d08d6e5fb8d27136e95/x/i/xiaomi-redmi-9t_1__2.jpg
430,iPhone 12 Pro 256GB I Chính hãng VN/A ,26.000.000 ₫,https://cdn.cellphones.com.vn/media/catalog/product/cache/7/small_image/9df78eab33525d08d6e5fb8d27136e95/i/p/iphone_12_pro_black_1.png
527,Vivo Y15s,2.750.000 ₫,https://cdn.cellphones.com.vn/media/catalog/product/cache/7/small_image/9df78eab33525d08d6e5fb8d27136e95/v/i/vivo-y15s-2021-261021-114837-600x600.jpg
528,Xiaomi POCO X3 NFC 128GB,5.700.000 ₫,https://cdn.cellphones.com.vn/media/catalog/product/cache/7/small_image/9df78eab33525d08d6e5fb8d27136e95/x/i/xiaomi-poco-x3_2_.jpg
529,Realme C35 4GB 64GB,3.990.000 ₫,https://cdn.cellphones.com.vn/media/catalog/product/cache/7/small_image/9df78eab33525d08d6e5fb8d27136e95/f/r/frame3935-640x640.png
530,iPhone 13 256GB - Xanh lá | Chính hãng VN/A,23.950.000 ₫,https://cdn.cellphones.com.vn/media/catalog/product/cache/7/small_image/9df78eab33525d08d6e5fb8d27136e95/i/p/iphone_13_green_pure_back_iphone_13_green_pure_front_2-up_screen__usen_1_1.png
531,Xiaomi Redmi Note 10 Pro 8GB,7.300.000 ₫,https://cdn.cellphones.com.vn/media/catalog/product/cache/7/small_image/9df78eab33525d08d6e5fb8d27136e95/x/i/xiaomi-redmi-note-10-pro_2_.png
532,Nokia 105 2 SIM (2019),470.000 ₫,https://cdn.cellphones.com.vn/media/catalog/product/cache/7/small_image/9df78eab33525d08d6e5fb8d27136e95/a/e/ae08c25c6e913812f2fd60aca318bd8a_1.jpg
533,Xiaomi Redmi Note 10 5G,4.950.000 ₫,https://cdn.cellphones.com.vn/media/catalog/product/cache/7/small_image/9df78eab33525d08d6e5fb8d27136e95/r/e/redmi-note-10-5g.jpg
534,Nubia Red Magic 7 Supernova 18GB 256GB,24.990.000 ₫,https://cdn.cellphones.com.vn/media/catalog/product/cache/7/small_image/9df78eab33525d08d6e5fb8d27136e95/r/e/red-magic-supernova_1.jpg
535,OnePlus 8T 5G,12.990.000 ₫,https://cdn.cellphones.com.vn/media/catalog/product/cache/7/small_image/9df78eab33525d08d6e5fb8d27136e95/o/n/oneplus-8t-600x600-1-200x200.jpg
536,OPPO A16K,3.190.000 ₫,https://cdn.cellphones.com.vn/media/catalog/product/cache/7/small_image/9df78eab33525d08d6e5fb8d27136e95/c/o/combo_a16k_-_black.jpg
537,Samsung Galaxy A22 4G,4.700.000 ₫,https://cdn.cellphones.com.vn/media/catalog/product/cache/7/small_image/9df78eab33525d08d6e5fb8d27136e95/a/2/a22-2.jpg
538,Galaxy Z Flip3 5G Flex Your Way 2022 ,18.790.000 ₫,https://cdn.cellphones.com.vn/media/catalog/product/cache/7/small_image/9df78eab33525d08d6e5fb8d27136e95/9/n/9n9a0923-2.png
539,OPPO A94,5.690.000 ₫,https://cdn.cellphones.com.vn/media/catalog/product/cache/7/small_image/9df78eab33525d08d6e5fb8d27136e95/o/p/oppo-a94-purple.png
540,Nokia C21 Plus 3GB 64GB,2.890.000 ₫,https://cdn.cellphones.com.vn/media/catalog/product/cache/7/small_image/9df78eab33525d08d6e5fb8d27136e95/n/o/nokia-c21-plus-600x600_2_1.jpg
541,Samsung Galaxy S21 Plus 5G,16.990.000 ₫,https://cdn.cellphones.com.vn/media/catalog/product/cache/7/small_image/9df78eab33525d08d6e5fb8d27136e95/s/a/samsung-galaxy-s21-plus-3.jpg
542,iPhone 13 Pro 256GB | Chính hãng VN/A,34.990.000 ₫,https://cdn.cellphones.com.vn/media/catalog/product/cache/7/small_image/9df78eab33525d08d6e5fb8d27136e95/i/p/iphone_13-_pro-5_1.jpg
543,OPPO A55,4.290.000 ₫,https://cdn.cellphones.com.vn/media/catalog/product/cache/7/small_image/9df78eab33525d08d6e5fb8d27136e95/c/o/combo_a55_-_xanh_-_cmyk.jpg
544,OPPO A76,5.390.000 ₫,https://cdn.cellphones.com.vn/media/catalog/product/cache/7/small_image/9df78eab33525d08d6e5fb8d27136e95/c/o/combo_a76_-_black.jpg
659,Samsung Galaxy Note 20 Ultra,19.200.000 ₫,https://cdn.cellphones.com.vn/media/catalog/product/cache/7/small_image/9df78eab33525d08d6e5fb8d27136e95/b/l/black_final.jpg
660,Xiaomi Mi 11 5G,15.200.000 ₫,https://cdn.cellphones.com.vn/media/catalog/product/cache/7/small_image/9df78eab33525d08d6e5fb8d27136e95/x/i/xiaomi-mi-11-xanhduong-600x600-600x600.jpg
661,Vivo Y21,3.500.000 ₫,https://cdn.cellphones.com.vn/media/catalog/product/cache/7/small_image/9df78eab33525d08d6e5fb8d27136e95/v/i/vivo-y21-white-01-1-600x600.jpg
662,Realme 9i,5.790.000 ₫,https://cdn.cellphones.com.vn/media/catalog/product/cache/7/small_image/9df78eab33525d08d6e5fb8d27136e95/t/_/t_i_xu_ng_2__3_6.png
663,Nokia 110 4G,850.000 ₫,https://cdn.cellphones.com.vn/media/catalog/product/cache/7/small_image/9df78eab33525d08d6e5fb8d27136e95/1/1/110-1.jpg
664,Vivo V23e,6.790.000 ₫,https://cdn.cellphones.com.vn/media/catalog/product/cache/7/small_image/9df78eab33525d08d6e5fb8d27136e95/c/9/c91ba5bf721d5b2d4eae4f821b8e4ced.png
665,Samsung Galaxy Note 10 Lite,10.500.000 ₫,https://cdn.cellphones.com.vn/media/catalog/product/cache/7/small_image/9df78eab33525d08d6e5fb8d27136e95/2/0/2026427-removebg-preview.png
666,Realme 9 Pro Plus,8.990.000 ₫,https://cdn.cellphones.com.vn/media/catalog/product/cache/7/small_image/9df78eab33525d08d6e5fb8d27136e95/9/_/9_ro_plus.png
667,Samsung Galaxy S20+ (Plus),15.500.000 ₫,https://cdn.cellphones.com.vn/media/catalog/product/cache/7/small_image/9df78eab33525d08d6e5fb8d27136e95/6/3/637170945536714482_ss-s20-plus-den-1.png
668,OPPO Reno5,7.790.000 ₫,https://cdn.cellphones.com.vn/media/catalog/product/cache/7/small_image/9df78eab33525d08d6e5fb8d27136e95/o/p/oppo-reno-5_3_.jpg
669,OnePlus Nord CE 5G,7.690.000 ₫,https://cdn.cellphones.com.vn/media/catalog/product/cache/7/small_image/9df78eab33525d08d6e5fb8d27136e95/o/n/one_plus-1_2.jpg
670,Nokia C20 2GB 16GB,1.790.000 ₫,https://cdn.cellphones.com.vn/media/catalog/product/cache/7/small_image/9df78eab33525d08d6e5fb8d27136e95/n/o/nokia-c20-2_4.jpg
671,OPPO A15,3.290.000 ₫,https://cdn.cellphones.com.vn/media/catalog/product/cache/7/small_image/9df78eab33525d08d6e5fb8d27136e95/o/p/oppo-a15_1_.jpg
672,Xiaomi Redmi Note 9s 4G 64GB,4.450.000 ₫,https://cdn.cellphones.com.vn/media/catalog/product/cache/7/small_image/9df78eab33525d08d6e5fb8d27136e95/r/e/redmi_note_9s_0002_layer_1.jpg
673,Vivo X70 Pro 5G,16.990.000 ₫,https://cdn.cellphones.com.vn/media/catalog/product/cache/7/small_image/9df78eab33525d08d6e5fb8d27136e95/6/3/637677310894938336_vivo-x70-pro-den-1_1.jpg
674,Xiaomi Mi 11 5G 128GB,14.200.000 ₫,https://cdn.cellphones.com.vn/media/catalog/product/cache/7/small_image/9df78eab33525d08d6e5fb8d27136e95/x/i/xiaomi-mi-11-128gb-1.jpg
675,Nokia 105 (2019) 1 SIM,480.000 ₫,https://cdn.cellphones.com.vn/media/catalog/product/cache/7/small_image/9df78eab33525d08d6e5fb8d27136e95/3/c/3c020ba1f2e2c0e82b53709e8fc6e3fb.jpg
676,Tecno Spark 7T 4GB 64GB,2.750.000 ₫,https://cdn.cellphones.com.vn/media/catalog/product/cache/7/small_image/9df78eab33525d08d6e5fb8d27136e95/t/e/tecno-spark-7t-2.png
809,Samsung Galaxy Z Fold2 5G,39.000.000 ₫,https://cdn.cellphones.com.vn/media/catalog/product/cache/7/small_image/9df78eab33525d08d6e5fb8d27136e95/g/a/galaxy-z-fold2-5g-1.jpg
810,Samsung Galaxy S21 FE 5G (8GB - 256GB),13.650.000 ₫,https://cdn.cellphones.com.vn/media/catalog/product/cache/7/small_image/9df78eab33525d08d6e5fb8d27136e95/s/a/samsung-galaxy-s21-fe.png
811,Apple iPhone 8 Plus 128GB I Chính hãng VN/A ,13.920.000 ₫,https://cdn.cellphones.com.vn/media/catalog/product/cache/7/small_image/9df78eab33525d08d6e5fb8d27136e95/i/p/iphone-8-plus_4_009.jpg
812,OPPO Find X3 Pro 5G,18.790.000 ₫,https://cdn.cellphones.com.vn/media/catalog/product/cache/7/small_image/9df78eab33525d08d6e5fb8d27136e95/o/p/oppo-find-x3-pro-5g-3_2.jpg
813,Vivo Y33S,5.900.000 ₫,https://cdn.cellphones.com.vn/media/catalog/product/cache/7/small_image/9df78eab33525d08d6e5fb8d27136e95/v/i/vivo-y33s-100.jpg
814,Vsmart Live 4,4.290.000 ₫,https://cdn.cellphones.com.vn/media/catalog/product/cache/7/small_image/9df78eab33525d08d6e5fb8d27136e95/v/s/vsmart-live-_4_1_.jpg
815,Nokia C30 2GB 32GB,2.390.000 ₫,https://cdn.cellphones.com.vn/media/catalog/product/cache/7/small_image/9df78eab33525d08d6e5fb8d27136e95/6/3/637649100605269420_nokia-c30-xanh-1_5_2.jpg
816,iPhone 13 Pro Max 512GB I Chính hãng VN/A,43.990.000 ₫,https://cdn.cellphones.com.vn/media/catalog/product/cache/7/small_image/9df78eab33525d08d6e5fb8d27136e95/i/p/iphone_13-_pro-5_4_1_1.jpg
817,iPhone 13 Pro Max 1TB I Chính hãng VN/A,49.990.000 ₫,https://cdn.cellphones.com.vn/media/catalog/product/cache/7/small_image/9df78eab33525d08d6e5fb8d27136e95/i/p/iphone_13-_pro-5_4_1_1_1.jpg
818,Oppo A54,4.350.000 ₫,https://cdn.cellphones.com.vn/media/catalog/product/cache/7/small_image/9df78eab33525d08d6e5fb8d27136e95/o/p/oppo-a54-4g-black-600x600.jpg
819,Vivo Y21S (4GB - 128GB),4.300.000 ₫,https://cdn.cellphones.com.vn/media/catalog/product/cache/7/small_image/9df78eab33525d08d6e5fb8d27136e95/v/i/vivo-y21s-600x600.jpg
820,Vsmart Active 3 6GB Ram,2.990.000 ₫,https://cdn.cellphones.com.vn/media/catalog/product/cache/7/small_image/9df78eab33525d08d6e5fb8d27136e95/v/s/vsmart-active-3_2_.png
821,iPhone SE 2022 128GB | Chính hãng VN/A,12.990.000 ₫,https://cdn.cellphones.com.vn/media/catalog/product/cache/7/small_image/9df78eab33525d08d6e5fb8d27136e95/i/p/iphone-se-midnight-select-2022031_1.jpg
822,iPhone 11 256GB I Chính hãng VN/A ,19.000.000 ₫,https://cdn.cellphones.com.vn/media/catalog/product/cache/7/small_image/9df78eab33525d08d6e5fb8d27136e95/i/p/iphone_11_red.png
823,iPhone 12 mini 128GB I Chính hãng VN/A ,16.000.000 ₫,https://cdn.cellphones.com.vn/media/catalog/product/cache/7/small_image/9df78eab33525d08d6e5fb8d27136e95/i/p/iphone_12_mini_purple.png
824,Nokia C20,2.090.000 ₫,https://cdn.cellphones.com.vn/media/catalog/product/cache/7/small_image/9df78eab33525d08d6e5fb8d27136e95/n/o/nokia-c20-2.jpg
825,Realme 7,5.590.000 ₫,https://cdn.cellphones.com.vn/media/catalog/product/cache/7/small_image/9df78eab33525d08d6e5fb8d27136e95/r/e/realme-7-1.jpg
826,Nokia 105 4G,750.000 ₫,https://cdn.cellphones.com.vn/media/catalog/product/cache/7/small_image/9df78eab33525d08d6e5fb8d27136e95/1/0/105.jpg
827,Xiaomi Redmi 9 4G,2.950.000 ₫,https://cdn.cellphones.com.vn/media/catalog/product/cache/7/small_image/9df78eab33525d08d6e5fb8d27136e95/r/e/redmi_9_0002_layer_1_2_2.jpg
979,Nokia G10,2.990.000 ₫,https://cdn.cellphones.com.vn/media/catalog/product/cache/7/small_image/9df78eab33525d08d6e5fb8d27136e95/t/_/t_i_xu_ng_3.png
980,Samsung Galaxy S10+ (Plus),12.400.000 ₫,https://cdn.cellphones.com.vn/media/catalog/product/cache/7/small_image/9df78eab33525d08d6e5fb8d27136e95/6/3/636863659522918468_ss-galaxy-s10-removebg-preview.png
981,Nubia Red Magic 6 Pro,18.590.000 ₫,https://cdn.cellphones.com.vn/media/catalog/product/cache/7/small_image/9df78eab33525d08d6e5fb8d27136e95/s/_/s_4_1.png
982,Vivo V20,6.800.000 ₫,https://cdn.cellphones.com.vn/media/catalog/product/cache/7/small_image/9df78eab33525d08d6e5fb8d27136e95/v/i/vivo-v20_2_.jpg
983,Xiaomi Redmi K50 Pro,Đăng ký nhận tin,https://cdn.cellphones.com.vn/media/catalog/product/cache/7/small_image/9df78eab33525d08d6e5fb8d27136e95/r/e/redmi-k50-pro-1.jpg
984,Xiaomi Redmi 9C 3GB - 64GB,2.890.000 ₫,https://cdn.cellphones.com.vn/media/catalog/product/cache/7/small_image/9df78eab33525d08d6e5fb8d27136e95/r/e/redmi-9c_3__1_2.jpg
985,Realme C15,3.490.000 ₫,https://cdn.cellphones.com.vn/media/catalog/product/cache/7/small_image/9df78eab33525d08d6e5fb8d27136e95/6/3/637400868092278961_realme-c15-xanh-1_2.png
986,Vsmart Star 5,2.690.000 ₫,https://cdn.cellphones.com.vn/media/catalog/product/cache/7/small_image/9df78eab33525d08d6e5fb8d27136e95/v/s/vsmart-star-5-1_3.jpg
987,Nubia Red Magic 6s Pro Cyborg 16GB 256GB,18.990.000 ₫,https://cdn.cellphones.com.vn/media/catalog/product/cache/7/small_image/9df78eab33525d08d6e5fb8d27136e95/n/u/nubia-red-magic-6s-pro-black_1.png
988,Nubia Red Magic 6R (12GB - 256GB),13.490.000 ₫,https://cdn.cellphones.com.vn/media/catalog/product/cache/7/small_image/9df78eab33525d08d6e5fb8d27136e95/z/t/zte-nubia-red-magic-6r-1-600x600_1.jpg
989,Vivo T1X 8GB 128GB,5.800.000 ₫,https://cdn.cellphones.com.vn/media/catalog/product/cache/7/small_image/9df78eab33525d08d6e5fb8d27136e95/t/1/t1x_01_2.png
990,Xiaomi Redmi 9T 6GB 128GB,4.400.000 ₫,https://cdn.cellphones.com.vn/media/catalog/product/cache/7/small_image/9df78eab33525d08d6e5fb8d27136e95/x/i/xiaomi-redmi-9t_1_.jpg
991,OPPO Find X2,18.990.000 ₫,https://cdn.cellphones.com.vn/media/catalog/product/cache/7/small_image/9df78eab33525d08d6e5fb8d27136e95/6/3/637191049692122812_oppo-find-x2-xanh-1.png
992,Vivo X60 Pro 5G,13.290.000 ₫,https://cdn.cellphones.com.vn/media/catalog/product/cache/7/small_image/9df78eab33525d08d6e5fb8d27136e95/v/i/vivo-x60-pro-8.jpg
993,Realme 6,5.190.000 ₫,https://cdn.cellphones.com.vn/media/catalog/product/cache/7/small_image/9df78eab33525d08d6e5fb8d27136e95/6/3/637202043964930819_realme-6-trang-1.png
994,Nubia Red Magic 7 Pusar 16GB 256GB,21.990.000 ₫,https://cdn.cellphones.com.vn/media/catalog/product/cache/7/small_image/9df78eab33525d08d6e5fb8d27136e95/r/e/red-magic-7-1_7hxhmi7_1.jpg
995,Realme 8 5G,6.790.000 ₫,https://cdn.cellphones.com.vn/media/catalog/product/cache/7/small_image/9df78eab33525d08d6e5fb8d27136e95/r/e/realme-8-5g-blue-1-600x600_1.jpg
996,Bphone A40,3.600.000 ₫,https://cdn.cellphones.com.vn/media/catalog/product/cache/7/small_image/9df78eab33525d08d6e5fb8d27136e95/a/v/avt-bphone-a40-trang.png
997,Realme C21Y,2.890.000 ₫,https://cdn.cellphones.com.vn/media/catalog/product/cache/7/small_image/9df78eab33525d08d6e5fb8d27136e95/r/e/realme-c21y.jpg
1168,iPhone XR 128GB I Chính hãng VN/A ,13.000.000 ₫,https://cdn.cellphones.com.vn/media/catalog/product/cache/7/small_image/9df78eab33525d08d6e5fb8d27136e95/i/p/iphone_xr_red_1.png
1169,iPhone 13 512GB | Chính hãng VN/A,33.990.000 ₫,https://cdn.cellphones.com.vn/media/catalog/product/cache/7/small_image/9df78eab33525d08d6e5fb8d27136e95/i/p/iphone-13-02_4.jpg
1170,Samsung Galaxy A11,2.650.000 ₫,https://cdn.cellphones.com.vn/media/catalog/product/cache/7/small_image/9df78eab33525d08d6e5fb8d27136e95/3/_/3_48_28.jpg
1171,iPhone 12 256GB I Chính hãng VN/A ,19.990.000 ₫,https://cdn.cellphones.com.vn/media/catalog/product/cache/7/small_image/9df78eab33525d08d6e5fb8d27136e95/i/p/iphone_12_red_1.png
1172,Realme C25,4.690.000 ₫,https://cdn.cellphones.com.vn/media/catalog/product/cache/7/small_image/9df78eab33525d08d6e5fb8d27136e95/r/e/realme-c25-1.jpg
1173,Vivo Y53S,4.990.000 ₫,https://cdn.cellphones.com.vn/media/catalog/product/cache/7/small_image/9df78eab33525d08d6e5fb8d27136e95/v/i/vivo_y53s_blue_bg.png
1174,Nokia C21 Plus 3GB 32GB,2.690.000 ₫,https://cdn.cellphones.com.vn/media/catalog/product/cache/7/small_image/9df78eab33525d08d6e5fb8d27136e95/n/o/nokia-c21-plus-600x600_2.jpg
1175,Nokia 215 4G,829.000 ₫,https://cdn.cellphones.com.vn/media/catalog/product/cache/7/small_image/9df78eab33525d08d6e5fb8d27136e95/n/o/nokia-215-4g-600jpg-600x600.jpg
1176,Xiaomi Poco F4 GT,Đăng ký nhận tin,https://cdn.cellphones.com.vn/media/catalog/product/cache/7/small_image/9df78eab33525d08d6e5fb8d27136e95/1/5/15_3_86.jpg
1177,Nokia 3.4,3.290.000 ₫,https://cdn.cellphones.com.vn/media/catalog/product/cache/7/small_image/9df78eab33525d08d6e5fb8d27136e95/n/o/nokia-34_1_.jpg
1178,iPhone 12 Pro Max 512GB I Chính hãng VN/A ,31.000.000 ₫,https://cdn.cellphones.com.vn/media/catalog/product/cache/7/small_image/9df78eab33525d08d6e5fb8d27136e95/i/p/iphone_12_pro_max_blue.png
1179,Vivo V21 5G,8.500.000 ₫,https://cdn.cellphones.com.vn/media/catalog/product/cache/7/small_image/9df78eab33525d08d6e5fb8d27136e95/v/i/vivo-v21-5g-2.jpg
1180,Nubia Red Magic 6S Pro Ghost 16GB 256GB,22.990.000 ₫,https://cdn.cellphones.com.vn/media/catalog/product/cache/7/small_image/9df78eab33525d08d6e5fb8d27136e95/n/u/nubia-red-magic-6s-pro-ghost-256gb-1_.jpg
1181,Xiaomi Redmi Note 10 4GB,4.250.000 ₫,https://cdn.cellphones.com.vn/media/catalog/product/cache/7/small_image/9df78eab33525d08d6e5fb8d27136e95/x/i/xiaomi-redmi-note-10_1_2.jpg
1182,Samsung Galaxy A21s,4.250.000 ₫,https://cdn.cellphones.com.vn/media/catalog/product/cache/7/small_image/9df78eab33525d08d6e5fb8d27136e95/a/2/a21s_0002_layer_1_2.jpg
1183,Nokia 6300 4G,990.000 ₫,https://cdn.cellphones.com.vn/media/catalog/product/cache/7/small_image/9df78eab33525d08d6e5fb8d27136e95/1/_/1_2_.png
1184,Realme 8 Pro,7.590.000 ₫,https://cdn.cellphones.com.vn/media/catalog/product/cache/7/small_image/9df78eab33525d08d6e5fb8d27136e95/r/e/realme-8-pro-2_2.png
1185,Bphone A50,3.890.000 ₫,https://cdn.cellphones.com.vn/media/catalog/product/cache/7/small_image/9df78eab33525d08d6e5fb8d27136e95/a/v/avt-bphone-a40-trang_2.png
1186,Realme 7 Pro,6.590.000 ₫,https://cdn.cellphones.com.vn/media/catalog/product/cache/7/small_image/9df78eab33525d08d6e5fb8d27136e95/r/e/realme-7-pro-2.jpg
1187,Realme C17,4.390.000 ₫,https://cdn.cellphones.com.vn/media/catalog/product/cache/7/small_image/9df78eab33525d08d6e5fb8d27136e95/r/e/realme-c17_1_.jpg
1378,Realme C25Y,3.990.000 ₫,https://cdn.cellphones.com.vn/media/catalog/product/cache/7/small_image/9df78eab33525d08d6e5fb8d27136e95/r/e/realme-c25y-2.jpg
1379,iPhone 11 Pro 512GB I Chính hãng VN/A ,27.000.000 ₫,https://cdn.cellphones.com.vn/media/catalog/product/cache/7/small_image/9df78eab33525d08d6e5fb8d27136e95/i/p/iphone_11_pro_white_1.png
1380,Huawei P50 Pro,Đăng ký nhận tin,https://cdn.cellphones.com.vn/media/catalog/product/cache/7/small_image/9df78eab33525d08d6e5fb8d27136e95/h/u/huawei-p50-pro.jpg
1381,Realme 7i,4.990.000 ₫,https://cdn.cellphones.com.vn/media/catalog/product/cache/7/small_image/9df78eab33525d08d6e5fb8d27136e95/r/e/realme-7i-xanh-duong_1.jpg
1382,Vivo Y12s (2021),3.050.000 ₫,https://cdn.cellphones.com.vn/media/catalog/product/cache/7/small_image/9df78eab33525d08d6e5fb8d27136e95/v/i/vivo-y12s.jpg
1383,ASUS ROG Phone 4,22.990.000 ₫,https://cdn.cellphones.com.vn/media/catalog/product/cache/7/small_image/9df78eab33525d08d6e5fb8d27136e95/a/s/asus-rog-phone-4-1.jpg
1384,iPhone 13 Pro 512GB | Chính hãng VN/A,40.990.000 ₫,https://cdn.cellphones.com.vn/media/catalog/product/cache/7/small_image/9df78eab33525d08d6e5fb8d27136e95/i/p/iphone_13-_pro-5_1_1.jpg
1385,Realme C12,3.190.000 ₫,https://cdn.cellphones.com.vn/media/catalog/product/cache/7/small_image/9df78eab33525d08d6e5fb8d27136e95/r/e/realme_c12_0001_realme_c12-removebg-preview.jpg
1386,OPPO A74,6.150.000 ₫,https://cdn.cellphones.com.vn/media/catalog/product/cache/7/small_image/9df78eab33525d08d6e5fb8d27136e95/o/p/oppo-a74-black-10-200x200.jpg
1387,Nokia 2.4,2.690.000 ₫,https://cdn.cellphones.com.vn/media/catalog/product/cache/7/small_image/9df78eab33525d08d6e5fb8d27136e95/n/o/nokia-2.4_1_.jpg
1388,Vivo X Note,Đăng ký nhận tin,https://cdn.cellphones.com.vn/media/catalog/product/cache/7/small_image/9df78eab33525d08d6e5fb8d27136e95/1/7/17_2_66.jpg
1389,Samsung Galaxy S20+ BTS Edition,16.500.000 ₫,https://cdn.cellphones.com.vn/media/catalog/product/cache/7/small_image/9df78eab33525d08d6e5fb8d27136e95/s/2/s20_ultra_bts_edition_0003_samsung_galaxy_s20_plus_bts_edit.jpg
1390,Samsung Galaxy A02s,3.350.000 ₫,https://cdn.cellphones.com.vn/media/catalog/product/cache/7/small_image/9df78eab33525d08d6e5fb8d27136e95/s/a/samsung-galaxy-a02s-1.jpg
1391,Xiaomi Mi 10T,Đăng ký nhận tin,https://cdn.cellphones.com.vn/media/catalog/product/cache/7/small_image/9df78eab33525d08d6e5fb8d27136e95/x/i/xiaomi-mi-10t-pro-den-200x200_1.jpg
1392,Nokia 5.4,3.990.000 ₫,https://cdn.cellphones.com.vn/media/catalog/product/cache/7/small_image/9df78eab33525d08d6e5fb8d27136e95/n/o/nokia-5-4-xanh_1.png
1393,Realme C11 2021 4GB 64GB ,3.190.000 ₫,https://cdn.cellphones.com.vn/media/catalog/product/cache/7/small_image/9df78eab33525d08d6e5fb8d27136e95/r/e/realme-c11-2021-gray-600x600_2.jpg
1394,Vivo X70 Pro+,Đăng ký nhận tin,https://cdn.cellphones.com.vn/media/catalog/product/cache/7/small_image/9df78eab33525d08d6e5fb8d27136e95/v/i/vivo-x70-pro-plus.jpg
1395,ASUS ROG Phone 2 512GB,20.490.000 ₫,https://cdn.cellphones.com.vn/media/catalog/product/cache/7/small_image/9df78eab33525d08d6e5fb8d27136e95/_/6/_600x600__crop_600_asus_rog_phone2_min_1.jpg
1396,Bphone A60,4.490.000 ₫,https://cdn.cellphones.com.vn/media/catalog/product/cache/7/small_image/9df78eab33525d08d6e5fb8d27136e95/b/p/bphone-a60-didongviet.jpg
1397,Xiaomi Redmi Note 10 Pro 6GB,6.900.000 ₫,https://cdn.cellphones.com.vn/media/catalog/product/cache/7/small_image/9df78eab33525d08d6e5fb8d27136e95/x/i/xiaomi-redmi-note-10-pro_2__2.png
1608,Vivo V19,5.190.000 ₫,https://cdn.cellphones.com.vn/media/catalog/product/cache/7/small_image/9df78eab33525d08d6e5fb8d27136e95/v/i/vivo-v19-_4.png
1609,Realme C21Y 4GB 64GB ,3.390.000 ₫,https://cdn.cellphones.com.vn/media/catalog/product/cache/7/small_image/9df78eab33525d08d6e5fb8d27136e95/r/e/realme-c21y_2.jpg
1610,Vivo Y72 5G,5.790.000 ₫,https://cdn.cellphones.com.vn/media/catalog/product/cache/7/small_image/9df78eab33525d08d6e5fb8d27136e95/v/i/vivo-y72-5g-2.jpg
1611,iPhone 13 mini 256GB I Chính hãng VN/A,24.990.000 ₫,https://cdn.cellphones.com.vn/media/catalog/product/cache/7/small_image/9df78eab33525d08d6e5fb8d27136e95/i/p/iphone-13-01_8.jpg
1612,Samsung Galaxy Z Flip,20.990.000 ₫,https://cdn.cellphones.com.vn/media/catalog/product/cache/7/small_image/9df78eab33525d08d6e5fb8d27136e95/z/-/z-flip-1_1.jpg
1613,Realme C25Y 4GB 64GB,3.790.000 ₫,https://cdn.cellphones.com.vn/media/catalog/product/cache/7/small_image/9df78eab33525d08d6e5fb8d27136e95/r/e/realme-c25y-2_3.jpg
1614,Huawei Nova 5T,8.290.000 ₫,https://cdn.cellphones.com.vn/media/catalog/product/cache/7/small_image/9df78eab33525d08d6e5fb8d27136e95/6/3/637165989862080442_huawei-nova-5t-green-1.png
1615,Nokia 8000 4G,1.390.000 ₫,https://cdn.cellphones.com.vn/media/catalog/product/cache/7/small_image/9df78eab33525d08d6e5fb8d27136e95/1/_/1_2__1_1.png
1616,OPPO A15s,3.790.000 ₫,https://cdn.cellphones.com.vn/media/catalog/product/cache/7/small_image/9df78eab33525d08d6e5fb8d27136e95/o/p/oppo-a15s-2_2.jpg
1617,Samsung Galaxy S21 Ultra 5G 256GB,27.800.000 ₫,https://cdn.cellphones.com.vn/media/catalog/product/cache/7/small_image/9df78eab33525d08d6e5fb8d27136e95/s/a/samsung-galaxy-s21-ultra-1_1_2.jpg
1618,Xiaomi Mi 10T Pro 5G 8GB 128GB,10.200.000 ₫,https://cdn.cellphones.com.vn/media/catalog/product/cache/7/small_image/9df78eab33525d08d6e5fb8d27136e95/x/i/xiaomi-mi-10t-pro_2__3.jpg
1619,Xiaomi Poco F4,Đăng ký nhận tin,https://cdn.cellphones.com.vn/media/catalog/product/cache/7/small_image/9df78eab33525d08d6e5fb8d27136e95/2/2/22_2_29.jpg
1620,Realme 9,Đăng ký nhận tin,https://cdn.cellphones.com.vn/media/catalog/product/cache/7/small_image/9df78eab33525d08d6e5fb8d27136e95/r/e/realme-9-600x600.jpg
1621,iPhone SE 2022 256GB | Chính hãng VN/A,15.990.000 ₫,https://cdn.cellphones.com.vn/media/catalog/product/cache/7/small_image/9df78eab33525d08d6e5fb8d27136e95/i/p/iphone-se-red-select-20220322_1_1.jpg
1622,Vsmart Joy 4 4GB,3.590.000 ₫,https://cdn.cellphones.com.vn/media/catalog/product/cache/7/small_image/9df78eab33525d08d6e5fb8d27136e95/v/s/vsmart-joy-4_1__2.png
1623,iPhone 12 Pro 512GB I Chính hãng VN/A ,27.500.000 ₫,https://cdn.cellphones.com.vn/media/catalog/product/cache/7/small_image/9df78eab33525d08d6e5fb8d27136e95/i/p/iphone_12_pro_blue.png
1624,Realme C3,2.790.000 ₫,https://cdn.cellphones.com.vn/media/catalog/product/cache/7/small_image/9df78eab33525d08d6e5fb8d27136e95/p/h/photo_2020-02-27_09-31-18.jpg
1625,Samsung Galaxy A30s,4.150.000 ₫,https://cdn.cellphones.com.vn/media/catalog/product/cache/7/small_image/9df78eab33525d08d6e5fb8d27136e95/x/a/xanh_5_4.jpg
1626,Vsmart Joy 3 4GB,2.490.000 ₫,https://cdn.cellphones.com.vn/media/catalog/product/cache/7/small_image/9df78eab33525d08d6e5fb8d27136e95/j/o/joy-3-4g-tim.jpg
1627,Vivo Y30,2.990.000 ₫,https://cdn.cellphones.com.vn/media/catalog/product/cache/7/small_image/9df78eab33525d08d6e5fb8d27136e95/v/i/vivo-y30-_3.png
1858,Samsung Galaxy S21 Plus 5G 256GB,23.000.000 ₫,https://cdn.cellphones.com.vn/media/catalog/product/cache/7/small_image/9df78eab33525d08d6e5fb8d27136e95/s/a/samsung-galaxy-s21-plus-3_3.jpg
1860,Xiaomi POCO X3 NFC 64GB,5.000.000 ₫,https://cdn.cellphones.com.vn/media/catalog/product/cache/7/small_image/9df78eab33525d08d6e5fb8d27136e95/x/i/xiaomi-poco-x3_2__3.jpg
1861,Vivo Y20S,4.190.000 ₫,https://cdn.cellphones.com.vn/media/catalog/product/cache/7/small_image/9df78eab33525d08d6e5fb8d27136e95/v/i/vivo-y20s.png
1862,Vsmart Star 5 4GB 64GB,3.290.000 ₫,https://cdn.cellphones.com.vn/media/catalog/product/cache/7/small_image/9df78eab33525d08d6e5fb8d27136e95/v/s/vsmart-star-5-1_3_1.jpg
1863,Samsung Galaxy S11,Đăng ký nhận tin,https://cdn.cellphones.com.vn/media/catalog/product/cache/7/small_image/9df78eab33525d08d6e5fb8d27136e95/s/a/samsung-galaxy-s11-600x600.jpg
1864,iPhone 13 mini 512GB I Chính hãng VN/A,30.990.000 ₫,https://cdn.cellphones.com.vn/media/catalog/product/cache/7/small_image/9df78eab33525d08d6e5fb8d27136e95/i/p/iphone-13-01_10.jpg
1865,Realme GT Neo,Đăng ký nhận tin,https://cdn.cellphones.com.vn/media/catalog/product/cache/7/small_image/9df78eab33525d08d6e5fb8d27136e95/r/e/realme-gt-neo-600x600-1-600x600.jpg
1866,Xiaomi Redmi 8A,790.000 ₫,https://cdn.cellphones.com.vn/media/catalog/product/cache/7/small_image/9df78eab33525d08d6e5fb8d27136e95/x/i/xiaomi-redmi-8a-1-600x600.jpg
1867,OnePlus 9 Pro,Đăng ký nhận tin,https://cdn.cellphones.com.vn/media/catalog/product/cache/7/small_image/9df78eab33525d08d6e5fb8d27136e95/o/n/oneplus-9_1.jpg
1868,Cat S62 Pro,18.990.000 ₫,https://cdn.cellphones.com.vn/media/catalog/product/cache/7/small_image/9df78eab33525d08d6e5fb8d27136e95/c/a/cat-s62-pro-128gb-black-cs62p-dab-ron-en-14082020-01-p.jpg
1869,iPhone 15 Pro Max,Đăng ký nhận tin,https://cdn.cellphones.com.vn/media/catalog/product/cache/7/small_image/9df78eab33525d08d6e5fb8d27136e95/l/d/ld0005886456_1_0005886482_1.jpg
1870,Vivo V20 SE,5.490.000 ₫,https://cdn.cellphones.com.vn/media/catalog/product/cache/7/small_image/9df78eab33525d08d6e5fb8d27136e95/6/3/637399143538220514_vivo-v20-se-den-1.png
1871,Xiaomi Mi 10 Ultra,Đăng ký nhận tin,https://cdn.cellphones.com.vn/media/catalog/product/cache/7/small_image/9df78eab33525d08d6e5fb8d27136e95/x/i/xiaomi-mi-10-ultra_1_.jpg
1872,OPPO K10 Pro,Đăng ký nhận tin,https://cdn.cellphones.com.vn/media/catalog/product/cache/7/small_image/9df78eab33525d08d6e5fb8d27136e95/2/3/23_2_39.jpg
1873,Vsmart Bee 5,1.590.000 ₫,https://cdn.cellphones.com.vn/media/catalog/product/cache/7/small_image/9df78eab33525d08d6e5fb8d27136e95/v/s/vsmartbee_1_1_3.png
1874,iPhone 12 mini 256GB I Chính hãng VN/A ,20.000.000 ₫,https://cdn.cellphones.com.vn/media/catalog/product/cache/7/small_image/9df78eab33525d08d6e5fb8d27136e95/i/p/iphone_12_mini_blue_1.png
1875,Samsung Galaxy A01 Core,1.850.000 ₫,https://cdn.cellphones.com.vn/media/catalog/product/cache/7/small_image/9df78eab33525d08d6e5fb8d27136e95/s/a/samsung-galaxy-a01-core-3.jpg
2125,Vsmart Active 3 4GB Ram,2.690.000 ₫,https://cdn.cellphones.com.vn/media/catalog/product/cache/7/small_image/9df78eab33525d08d6e5fb8d27136e95/v/s/vsmart-active-3_3__2.png
2126,Vsmart Joy 4 6GB,3.990.000 ₫,https://cdn.cellphones.com.vn/media/catalog/product/cache/7/small_image/9df78eab33525d08d6e5fb8d27136e95/v/s/vsmart-joy-4_1__2_2_4.png
2127,Samsung Galaxy A03 4GB 64GB,Đăng ký nhận tin,https://cdn.cellphones.com.vn/media/catalog/product/cache/7/small_image/9df78eab33525d08d6e5fb8d27136e95/s/a/samsung-galaxy-a03s01_1.jpg
2128,Xiaomi Mi Note 10 Pro,14.990.000 ₫,https://cdn.cellphones.com.vn/media/catalog/product/cache/7/small_image/9df78eab33525d08d6e5fb8d27136e95/m/i/mi-cc9-pro-blue_1.jpg
2129,Huawei Mate 50 Pro,Đăng ký nhận tin,https://cdn.cellphones.com.vn/media/catalog/product/cache/7/small_image/9df78eab33525d08d6e5fb8d27136e95/h/u/huawei-mate-50-pro.jpg
2130,Apple iPhone 8 64GB Chính hãng,10.020.000 ₫,https://cdn.cellphones.com.vn/media/catalog/product/cache/7/small_image/9df78eab33525d08d6e5fb8d27136e95/i/p/iphone_8_64gb-00.jpg
2131,Nokia C21 Plus 2GB 64GB,2.690.000 ₫,https://cdn.cellphones.com.vn/media/catalog/product/cache/7/small_image/9df78eab33525d08d6e5fb8d27136e95/n/o/nokia-c21-plus-600x600.jpg
2132,Samsung Galaxy A90,Đăng ký nhận tin,https://cdn.cellphones.com.vn/media/catalog/product/cache/7/small_image/9df78eab33525d08d6e5fb8d27136e95/s/a/samsung-galaxy-a90-600x600.jpg
2133,Samsung Galaxy S9+ (Plus) 128GB,15.890.000 ₫,https://cdn.cellphones.com.vn/media/catalog/product/cache/7/small_image/9df78eab33525d08d6e5fb8d27136e95/s/9/s9_-gold_1.jpg
2134,iPhone 13 Pro 1TB | Chính hãng VN/A,46.990.000 ₫,https://cdn.cellphones.com.vn/media/catalog/product/cache/7/small_image/9df78eab33525d08d6e5fb8d27136e95/i/p/iphone_13-_pro-5_1_1_1.jpg
2135,Vivo Y21S (6GB - 128GB),4.650.000 ₫,https://cdn.cellphones.com.vn/media/catalog/product/cache/7/small_image/9df78eab33525d08d6e5fb8d27136e95/v/i/vivo-y21s-600x600_1.jpg
2136,OnePlus 9R,Đăng ký nhận tin,https://cdn.cellphones.com.vn/media/catalog/product/cache/7/small_image/9df78eab33525d08d6e5fb8d27136e95/o/n/oneplus-9_3.jpg
2137,Realme 4,Đăng ký nhận tin,https://cdn.cellphones.com.vn/media/catalog/product/cache/7/small_image/9df78eab33525d08d6e5fb8d27136e95/p/h/photo_2019-06-04_17-22-35.jpg
2138,Xiaomi 11 Lite 5G NE Trắng Swarovski,9.490.000 ₫,https://cdn.cellphones.com.vn/media/catalog/product/cache/7/small_image/9df78eab33525d08d6e5fb8d27136e95/x/i/xiaomi-11-lite-5g-014_1_2.jpg
2139,Nokia 8.1 Plus,Đăng ký nhận tin,https://cdn.cellphones.com.vn/media/catalog/product/cache/7/small_image/9df78eab33525d08d6e5fb8d27136e95/n/o/nokia-81-plus-sap-ra-mat-man-hinh-62-inch-duc-lo-camera-48mp-cdb195.jpg
2140,Xiaomi Redmi K40 Pro+,Đăng ký nhận tin,https://cdn.cellphones.com.vn/media/catalog/product/cache/7/small_image/9df78eab33525d08d6e5fb8d27136e95/r/e/redmi-k40_2.jpg
2141,Nokia 150 2020,700.000 ₫,https://cdn.cellphones.com.vn/media/catalog/product/cache/7/small_image/9df78eab33525d08d6e5fb8d27136e95/n/o/nokia_105_0001_layer_2.jpg
2142,Samsung Galaxy J7 Prime Chính hãng,3.790.000 ₫,https://cdn.cellphones.com.vn/media/catalog/product/cache/7/small_image/9df78eab33525d08d6e5fb8d27136e95/j/7/j7-prime-blue.jpg
2143,iPhone 7 Plus 128GB I Chính hãng VN/A ,10.020.000 ₫,https://cdn.cellphones.com.vn/media/catalog/product/cache/7/small_image/9df78eab33525d08d6e5fb8d27136e95/i/p/iphone-7-plus-009_1.jpg
2412,Samsung Galaxy Z Fold2 5G (Phiên bản mùa xuân),39.000.000 ₫,https://cdn.cellphones.com.vn/media/catalog/product/cache/7/small_image/9df78eab33525d08d6e5fb8d27136e95/g/a/galaxy-z-fold2-5g-1_3.jpg
2413, iPhone SE 2020 256GB I Chính hãng VN/A ,13.010.000 ₫,https://cdn.cellphones.com.vn/media/catalog/product/cache/7/small_image/9df78eab33525d08d6e5fb8d27136e95/i/p/iphonese_2.jpg
2414,Samsung Galaxy S9+ (Plus) 64GB,13.090.000 ₫,https://cdn.cellphones.com.vn/media/catalog/product/cache/7/small_image/9df78eab33525d08d6e5fb8d27136e95/s/9/s9plus-blue.jpg
2415,Samsung Galaxy Z Fold2 5G (Phiên bản mùa hè),50.000.000 ₫,https://cdn.cellphones.com.vn/media/catalog/product/cache/7/small_image/9df78eab33525d08d6e5fb8d27136e95/g/a/galaxy-z-fold2-5g-1_3_3.jpg
2416,Xiaomi Redmi Note 9 Pro 128GB,6.200.000 ₫,https://cdn.cellphones.com.vn/media/catalog/product/cache/7/small_image/9df78eab33525d08d6e5fb8d27136e95/x/i/xiaomi-redmi-note-9-pro-128gb-1.jpg
2417,Tecno Spark 7T 6GB 128GB,3.490.000 ₫,https://cdn.cellphones.com.vn/media/catalog/product/cache/7/small_image/9df78eab33525d08d6e5fb8d27136e95/t/e/tecno-spark-7t-2_2.png
2418,Oppo F19 Pro Plus,Đăng ký nhận tin,https://cdn.cellphones.com.vn/media/catalog/product/cache/7/small_image/9df78eab33525d08d6e5fb8d27136e95/o/p/oppo-f19-pro-plus.jpg
2419,Điện thoại Energizer Energy E100,490.000 ₫,https://cdn.cellphones.com.vn/media/catalog/product/cache/7/small_image/9df78eab33525d08d6e5fb8d27136e95/e/n/energizer-e100_0001_637137270490073693_e100-1.jpg
2420,Samsung Galaxy A21s 6GB,4.690.000 ₫,https://cdn.cellphones.com.vn/media/catalog/product/cache/7/small_image/9df78eab33525d08d6e5fb8d27136e95/a/2/a21s_0002_layer_1_2_2.jpg
2421,Oppo F19 Pro,Đăng ký nhận tin,https://cdn.cellphones.com.vn/media/catalog/product/cache/7/small_image/9df78eab33525d08d6e5fb8d27136e95/o/p/oppo-f19-pro.jpg
2422,Xiaomi Redmi 8 3GB,2.500.000 ₫,https://cdn.cellphones.com.vn/media/catalog/product/cache/7/small_image/9df78eab33525d08d6e5fb8d27136e95/r/e/redmi-8-3g-xanh.png
2423,Vsmart Star 4 2GB,2.050.000 ₫,https://cdn.cellphones.com.vn/media/catalog/product/cache/7/small_image/9df78eab33525d08d6e5fb8d27136e95/v/s/vsmart_star_4_3.jpg
2424,Realme X50 Pro 5G,Đăng ký nhận tin,https://cdn.cellphones.com.vn/media/catalog/product/cache/7/small_image/9df78eab33525d08d6e5fb8d27136e95/r/e/realme-x50-pro__0003_layer_1.jpg
2425,Xiaomi Mi Note 10 Lite 64GB,8.990.000 ₫,https://cdn.cellphones.com.vn/media/catalog/product/cache/7/small_image/9df78eab33525d08d6e5fb8d27136e95/m/i/mi-note-10-lite_0001_1_1.jpg
2426,Realme C35 4GB 128GB,4.590.000 ₫,https://cdn.cellphones.com.vn/media/catalog/product/cache/7/small_image/9df78eab33525d08d6e5fb8d27136e95/f/r/frame3935-640x640_2.png
2427,Oppo K3,Đăng ký nhận tin,https://cdn.cellphones.com.vn/media/catalog/product/cache/7/small_image/9df78eab33525d08d6e5fb8d27136e95/o/p/oppo-k3.jpg
2428,Realme X2 Pro,Đăng ký nhận tin,https://cdn.cellphones.com.vn/media/catalog/product/cache/7/small_image/9df78eab33525d08d6e5fb8d27136e95/r/e/realme-xt-blue.jpg
2429,Xiaomi Mi Mix 4,Đăng ký nhận tin,https://cdn.cellphones.com.vn/media/catalog/product/cache/7/small_image/9df78eab33525d08d6e5fb8d27136e95/f/i/file_3.jpg
2717,Cat B40,2.490.000 ₫,https://cdn.cellphones.com.vn/media/catalog/product/cache/7/small_image/9df78eab33525d08d6e5fb8d27136e95/c/a/cat-b40-4_1.jpg
2718,Honor Magic 2,Đăng ký nhận tin,https://cdn.cellphones.com.vn/media/catalog/product/cache/7/small_image/9df78eab33525d08d6e5fb8d27136e95/m/a/magic_2.png
2719,Samsung Galaxy A20s,3.550.000 ₫,https://cdn.cellphones.com.vn/media/catalog/product/cache/7/small_image/9df78eab33525d08d6e5fb8d27136e95/6/3/637049168849441623_ss-a20s-xanh-1.jpg
2720,Vivo X80 Pro Plus,Đăng ký nhận tin,https://cdn.cellphones.com.vn/media/catalog/product/cache/7/small_image/9df78eab33525d08d6e5fb8d27136e95/2/0/20_3_8.jpg
2721,Nokia 8.2,Đăng ký nhận tin,https://cdn.cellphones.com.vn/media/catalog/product/cache/7/small_image/9df78eab33525d08d6e5fb8d27136e95/n/o/nokia-72-dual-sim_1__1.jpg
2722,Oppo Reno Ace,Đăng ký nhận tin,https://cdn.cellphones.com.vn/media/catalog/product/cache/7/small_image/9df78eab33525d08d6e5fb8d27136e95/o/p/oppo-reno-ace-renders-01.jpg
2723,ASUS 8z,Đăng ký nhận tin,https://cdn.cellphones.com.vn/media/catalog/product/cache/7/small_image/9df78eab33525d08d6e5fb8d27136e95/1/3/13_5_51.jpg
2724,Nubia Red Magic 6S (16GB - 256GB),Đăng ký nhận tin,https://cdn.cellphones.com.vn/media/catalog/product/cache/7/small_image/9df78eab33525d08d6e5fb8d27136e95/n/u/nubia-red-magic-6s-pro-tranferent_1_2_1.png
2725,iPhone 14 Pro Max,Đăng ký nhận tin,https://cdn.cellphones.com.vn/media/catalog/product/cache/7/small_image/9df78eab33525d08d6e5fb8d27136e95/i/p/iphone-13-pro-max-gold-1-600x600_1_1_1.jpg
2726,Vsmart Lux,Đăng ký nhận tin,https://cdn.cellphones.com.vn/media/catalog/product/cache/7/small_image/9df78eab33525d08d6e5fb8d27136e95/v/s/vsmart_lux_0000_layer_1.jpg
2727,Samsung Galaxy A70s,7.800.000 ₫,https://cdn.cellphones.com.vn/media/catalog/product/cache/7/small_image/9df78eab33525d08d6e5fb8d27136e95/6/3/636907473389115737_samsung-galaxy-a70-xanh-1_2.png
2728,Vivo Y20 (2021),3.350.000 ₫,https://cdn.cellphones.com.vn/media/catalog/product/cache/7/small_image/9df78eab33525d08d6e5fb8d27136e95/v/i/vivo-y20_1__1.jpg
2729,Realme X2,Đăng ký nhận tin,https://cdn.cellphones.com.vn/media/catalog/product/cache/7/small_image/9df78eab33525d08d6e5fb8d27136e95/r/e/realme_5_xanh_3.jpg
2730,Samsung Galaxy A8 (2018) Chính hãng,8.090.000 ₫,https://cdn.cellphones.com.vn/media/catalog/product/cache/7/small_image/9df78eab33525d08d6e5fb8d27136e95/a/8/a8-2018-gold.jpg
2731,Samsung Galaxy A9 Pro 2018,Đăng ký nhận tin,https://cdn.cellphones.com.vn/media/catalog/product/cache/7/small_image/9df78eab33525d08d6e5fb8d27136e95/g/a/galaxy-a9-2018-6.jpg
2732,Điện thoại Energizer Energy E20,650.000 ₫,https://cdn.cellphones.com.vn/media/catalog/product/cache/7/small_image/9df78eab33525d08d6e5fb8d27136e95/e/n/energizer-energy-e20_0002_layer_1.jpg
2733,Oppo A91,Đăng ký nhận tin,https://cdn.cellphones.com.vn/media/catalog/product/cache/7/small_image/9df78eab33525d08d6e5fb8d27136e95/o/p/oppo_a91_0009_layer_1.jpg
3038,Cat S42H+,8.490.000 ₫,https://cdn.cellphones.com.vn/media/catalog/product/cache/7/small_image/9df78eab33525d08d6e5fb8d27136e95/c/a/cat-s42h-3gb-32gb-dual-sim-black.jpg
3039,Oppo Reno5 F,8.690.000 ₫,https://cdn.cellphones.com.vn/media/catalog/product/cache/7/small_image/9df78eab33525d08d6e5fb8d27136e95/o/p/oppo-reno-5f.jpg
3040,Realme 9i 4GB 64GB,6.490.000 ₫,https://cdn.cellphones.com.vn/media/catalog/product/cache/7/small_image/9df78eab33525d08d6e5fb8d27136e95/t/_/t_i_xu_ng_2__3_6_2.png
3041,OPPO A1s 3GB,Đăng ký nhận tin,https://cdn.cellphones.com.vn/media/catalog/product/cache/7/small_image/9df78eab33525d08d6e5fb8d27136e95/o/p/oppo-a1s-600x600.jpg
3042,iPhone 15,Đăng ký nhận tin,https://cdn.cellphones.com.vn/media/catalog/product/cache/7/small_image/9df78eab33525d08d6e5fb8d27136e95/l/d/ld0005886456_1_0005886482_2.jpg
3043,Huawei Mate 40E,Đăng ký nhận tin,https://cdn.cellphones.com.vn/media/catalog/product/cache/7/small_image/9df78eab33525d08d6e5fb8d27136e95/h/u/huawei-mate-40e.jpg
3044,Realme X9 Pro,Đăng ký nhận tin,https://cdn.cellphones.com.vn/media/catalog/product/cache/7/small_image/9df78eab33525d08d6e5fb8d27136e95/r/e/realme-x9_2.jpg
3045,OPPO A1s 4GB,Đăng ký nhận tin,https://cdn.cellphones.com.vn/media/catalog/product/cache/7/small_image/9df78eab33525d08d6e5fb8d27136e95/o/p/oppo-a1s-600x600_1.jpg
3046,Nokia 7.3,Đăng ký nhận tin,https://cdn.cellphones.com.vn/media/catalog/product/cache/7/small_image/9df78eab33525d08d6e5fb8d27136e95/n/o/nokia_7.3_tindon.png
3047,Huawei Nova 4,Đăng ký nhận tin,https://cdn.cellphones.com.vn/media/catalog/product/cache/7/small_image/9df78eab33525d08d6e5fb8d27136e95/h/u/huawei-nova-4-1-400x460.png
3048,Vsmart Joy 3 Plus,Đăng ký nhận tin,https://cdn.cellphones.com.vn/media/catalog/product/cache/7/small_image/9df78eab33525d08d6e5fb8d27136e95/v/s/vsmart_joy3_plus_tindon.jpg
3049,Realme V23 5G,Đăng ký nhận tin,https://cdn.cellphones.com.vn/media/catalog/product/cache/7/small_image/9df78eab33525d08d6e5fb8d27136e95/2/1/21_1_75.jpg
3050,Xiaomi 12 Lite Zoom,Đăng ký nhận tin,https://cdn.cellphones.com.vn/media/catalog/product/cache/7/small_image/9df78eab33525d08d6e5fb8d27136e95/t/_/t_i_xu_ng_2_3_1.png
3051,Nokia 4.3,Đăng ký nhận tin,https://cdn.cellphones.com.vn/media/catalog/product/cache/7/small_image/9df78eab33525d08d6e5fb8d27136e95/4/-/4-24.jpg
3052,Nokia C1 Plus,Đăng ký nhận tin,https://cdn.cellphones.com.vn/media/catalog/product/cache/7/small_image/9df78eab33525d08d6e5fb8d27136e95/n/o/nokia-c1-xam1_2.jpg
3053,Huawei Nova 5i Pro,Đăng ký nhận tin,https://cdn.cellphones.com.vn/media/catalog/product/cache/7/small_image/9df78eab33525d08d6e5fb8d27136e95/g/s/gsmarena_002_3_1.jpg
3054,Realme 9 SE 5G,Đăng ký nhận tin,https://cdn.cellphones.com.vn/media/catalog/product/cache/7/small_image/9df78eab33525d08d6e5fb8d27136e95/5/0/50_1_16.jpg
3055,OPPO Reno Ace 2,Đăng ký nhận tin,https://cdn.cellphones.com.vn/media/catalog/product/cache/7/small_image/9df78eab33525d08d6e5fb8d27136e95/o/p/oppo-reno-ace-2-2-600x600_1.jpg
3056,Nokia 6.3,Đăng ký nhận tin,https://cdn.cellphones.com.vn/media/catalog/product/cache/7/small_image/9df78eab33525d08d6e5fb8d27136e95/n/o/nokia_6.3_tindon.jpg
3380,Xiaomi F6 Lite,Đăng ký nhận tin,https://cdn.cellphones.com.vn/media/catalog/product/cache/7/small_image/9df78eab33525d08d6e5fb8d27136e95/x/i/xiaomi-redmi-note-7-chinh-hang-xach-tay-vtb.jpg
3381,Vivo S15e,Đăng ký nhận tin,https://cdn.cellphones.com.vn/media/catalog/product/cache/7/small_image/9df78eab33525d08d6e5fb8d27136e95/2/5/25_1_62.jpg
3382,OnePlus Nord CE 2 Lite 5G,Đăng ký nhận tin,https://cdn.cellphones.com.vn/media/catalog/product/cache/7/small_image/9df78eab33525d08d6e5fb8d27136e95/2/2/22_2_56.jpg
3384,OPPO A96,Đăng ký nhận tin,https://cdn.cellphones.com.vn/media/catalog/product/cache/7/small_image/9df78eab33525d08d6e5fb8d27136e95/5/4/54_1_9.jpg
3385,Tecno Spark 8C 4GB 128GB,2.850.000 ₫,https://cdn.cellphones.com.vn/media/catalog/product/cache/7/small_image/9df78eab33525d08d6e5fb8d27136e95/4/0/40_1_23_3.jpg
3387,Xiaomi Redmi Note 10T,Đăng ký nhận tin,https://cdn.cellphones.com.vn/media/catalog/product/cache/7/small_image/9df78eab33525d08d6e5fb8d27136e95/1/6/16_2_76.jpg
3389,Vivo Y01,Đăng ký nhận tin,https://cdn.cellphones.com.vn/media/catalog/product/cache/7/small_image/9df78eab33525d08d6e5fb8d27136e95/4/4/44_1_20.jpg
3390,Vivo S12 Pro,Đăng ký nhận tin,https://cdn.cellphones.com.vn/media/catalog/product/cache/7/small_image/9df78eab33525d08d6e5fb8d27136e95/v/i/vivo-s12-600x600_2.jpg
3391,Honor 20 Pro,Đăng ký nhận tin,https://cdn.cellphones.com.vn/media/catalog/product/cache/7/small_image/9df78eab33525d08d6e5fb8d27136e95/h/o/honor-view-20-2019_1_1.png
3392,Huawei Nova Y70 Plus,Đăng ký nhận tin,https://cdn.cellphones.com.vn/media/catalog/product/cache/7/small_image/9df78eab33525d08d6e5fb8d27136e95/2/6/26_1_68.jpg
3393,iPhone 14 mini,Đăng ký nhận tin,https://cdn.cellphones.com.vn/media/catalog/product/cache/7/small_image/9df78eab33525d08d6e5fb8d27136e95/i/p/iphone-13-pro-max-gold-1-600x600_1_1_1_1.jpg
3394,Huawei Enjoy 20 Plus,Đăng ký nhận tin,https://cdn.cellphones.com.vn/media/catalog/product/cache/7/small_image/9df78eab33525d08d6e5fb8d27136e95/h/u/huawei_enjoy_20_0000_huawei-enjoy-20-pro-1_0000_layer_1-removebg-preview_1.jpg
3395,Huawei Nova 9 SE,Đăng ký nhận tin,https://cdn.cellphones.com.vn/media/catalog/product/cache/7/small_image/9df78eab33525d08d6e5fb8d27136e95/2/3/23_2_46.jpg
3396,Realme U1,Đăng ký nhận tin,https://cdn.cellphones.com.vn/media/catalog/product/cache/7/small_image/9df78eab33525d08d6e5fb8d27136e95/r/e/realme-u1.jpg
3397,Oppo F17 Pro,Đăng ký nhận tin,https://cdn.cellphones.com.vn/media/catalog/product/cache/7/small_image/9df78eab33525d08d6e5fb8d27136e95/o/p/oppo-f17-pro.jpg
3398,Nokia 7 5G,Đăng ký nhận tin,https://cdn.cellphones.com.vn/media/catalog/product/cache/7/small_image/9df78eab33525d08d6e5fb8d27136e95/n/o/nokia_7_5g_tindon.jpg
3743,Realme GT 2 ,Đăng ký nhận tin,https://cdn.cellphones.com.vn/media/catalog/product/cache/7/small_image/9df78eab33525d08d6e5fb8d27136e95/r/e/realme-gt-2-600x600.jpg
3744,Samsung Galaxy A22s,Đăng ký nhận tin,https://cdn.cellphones.com.vn/media/catalog/product/cache/7/small_image/9df78eab33525d08d6e5fb8d27136e95/s/a/samsung-galaxy-a22s-5g-600x600.jpg
3745,Nokia C01 Plus,Đăng ký nhận tin,https://cdn.cellphones.com.vn/media/catalog/product/cache/7/small_image/9df78eab33525d08d6e5fb8d27136e95/n/o/nokia-c01-plus-600x600.png
3746,Vivo Y20G,Đăng ký nhận tin,https://cdn.cellphones.com.vn/media/catalog/product/cache/7/small_image/9df78eab33525d08d6e5fb8d27136e95/v/i/vivo-y20g.jpg
3747,Điện thoại Philips E527,Đăng ký nhận tin,https://cdn.cellphones.com.vn/media/catalog/product/cache/7/small_image/9df78eab33525d08d6e5fb8d27136e95/p/h/philips-xenium-e527-4g-4_.png
3748,Xiaomi Mi 11 Ultra,Đăng ký nhận tin,https://cdn.cellphones.com.vn/media/catalog/product/cache/7/small_image/9df78eab33525d08d6e5fb8d27136e95/x/i/xiaomi-mi-11-ultra.jpg
3749,Oppo F19,Đăng ký nhận tin,https://cdn.cellphones.com.vn/media/catalog/product/cache/7/small_image/9df78eab33525d08d6e5fb8d27136e95/o/p/oppo-f19.jpg
3750,Samsung Galaxy S22 FE,Đăng ký nhận tin,https://cdn.cellphones.com.vn/media/catalog/product/cache/7/small_image/9df78eab33525d08d6e5fb8d27136e95/s/a/samsung-galaxy-s21-fe-5g-128gb-graphite-8806092585201-05012022-01-p.jpg
3751,Samsung Galaxy A02,Đăng ký nhận tin,https://cdn.cellphones.com.vn/media/catalog/product/cache/7/small_image/9df78eab33525d08d6e5fb8d27136e95/s/a/samsung-galaxy-a02.jpeg
3752,Xiaomi Redmi 10 Power,Đăng ký nhận tin,https://cdn.cellphones.com.vn/media/catalog/product/cache/7/small_image/9df78eab33525d08d6e5fb8d27136e95/_/0/_0000_xiaomi-redmi-10-power-1.jpg
3753,Xiaomi CC11 Pro,Đăng ký nhận tin,https://cdn.cellphones.com.vn/media/catalog/product/cache/7/small_image/9df78eab33525d08d6e5fb8d27136e95/x/i/xiaomi-c11-pro-600x600.jpg
3754,Vivo Y3s,Đăng ký nhận tin,https://cdn.cellphones.com.vn/media/catalog/product/cache/7/small_image/9df78eab33525d08d6e5fb8d27136e95/v/i/vivo-y3s.png
3755,Vivo X60t Pro,Đăng ký nhận tin,https://cdn.cellphones.com.vn/media/catalog/product/cache/7/small_image/9df78eab33525d08d6e5fb8d27136e95/v/i/vivo-x60t-600x600-600x600_2.jpg
3756,Xiaomi Mi 11 Pro,Đăng ký nhận tin,https://cdn.cellphones.com.vn/media/catalog/product/cache/7/small_image/9df78eab33525d08d6e5fb8d27136e95/x/i/xiaomi-mi-11-pro.jpg
3757,Oppo Reno6 Lite,Đăng ký nhận tin,https://cdn.cellphones.com.vn/media/catalog/product/cache/7/small_image/9df78eab33525d08d6e5fb8d27136e95/o/p/oppo_reno6_lite.jpg
3758,Nokia C10,Đăng ký nhận tin,https://cdn.cellphones.com.vn/media/catalog/product/cache/7/small_image/9df78eab33525d08d6e5fb8d27136e95/n/o/nokia-c10.jpg
3759,Samsung Galaxy F62,Đăng ký nhận tin,https://cdn.cellphones.com.vn/media/catalog/product/cache/7/small_image/9df78eab33525d08d6e5fb8d27136e95/s/a/samsung-galaxy-f62.jpg
3760,Oppo Reno 5G,Đăng ký nhận tin,https://cdn.cellphones.com.vn/media/catalog/product/cache/7/small_image/9df78eab33525d08d6e5fb8d27136e95/1/2/1228657.jpg
3761,Bphone 2021,Đăng ký nhận tin,https://cdn.cellphones.com.vn/media/catalog/product/cache/7/small_image/9df78eab33525d08d6e5fb8d27136e95/b/p/bphone-2021.jpg
3762,OnePlus Nord CE,Đăng ký nhận tin,https://cdn.cellphones.com.vn/media/catalog/product/cache/7/small_image/9df78eab33525d08d6e5fb8d27136e95/o/n/one_plus-1.jpg
4126,vivo S15,Đăng ký nhận tin,https://cdn.cellphones.com.vn/media/catalog/product/cache/7/small_image/9df78eab33525d08d6e5fb8d27136e95/2/6/26_1_82.jpg
4127,Xiaomi 12T,Đăng ký nhận tin,https://cdn.cellphones.com.vn/media/catalog/product/cache/7/small_image/9df78eab33525d08d6e5fb8d27136e95/x/i/xiaomi-mi-11t-1_1_2.jpg
4128,Samsung Galaxy F41,Đăng ký nhận tin,https://cdn.cellphones.com.vn/media/catalog/product/cache/7/small_image/9df78eab33525d08d6e5fb8d27136e95/s/a/samsung-galaxy-f41.jpg
4129,Vivo Y54s,Đăng ký nhận tin,https://cdn.cellphones.com.vn/media/catalog/product/cache/7/small_image/9df78eab33525d08d6e5fb8d27136e95/t/r/trinh-lang-vivo-y54s-5g-choi-game-ly-tuong-gia-chi-6-trieu-gsmarena_002-1637306198-847-width660height495.jpg
4130,Huawei Nova 4,Đăng ký nhận tin,https://cdn.cellphones.com.vn/media/catalog/product/cache/7/small_image/9df78eab33525d08d6e5fb8d27136e95/h/u/huawei-nova-4-1-400x460_1.png
4131,Xiaomi 12 Lite,Đăng ký nhận tin,https://cdn.cellphones.com.vn/media/catalog/product/cache/7/small_image/9df78eab33525d08d6e5fb8d27136e95/t/_/t_i_xu_ng_2_3.png
4132,OPPO Find X5 Pro,Đăng ký nhận tin,https://cdn.cellphones.com.vn/media/catalog/product/cache/7/small_image/9df78eab33525d08d6e5fb8d27136e95/d/o/download_1__6_6.png
4133,Xiaomi Redmi K40 Light Luxury Edition,Đăng ký nhận tin,https://cdn.cellphones.com.vn/media/catalog/product/cache/7/small_image/9df78eab33525d08d6e5fb8d27136e95/x/i/xiaomi-redmi-k40-light-luxury-edition.jpg
4134,Xiaomi POCO M3,Đăng ký nhận tin,https://cdn.cellphones.com.vn/media/catalog/product/cache/7/small_image/9df78eab33525d08d6e5fb8d27136e95/x/i/xiaomi-poco-m3-600x600-600x600.jpg
4135,Xiaomi F9S,Đăng ký nhận tin,https://cdn.cellphones.com.vn/media/catalog/product/cache/7/small_image/9df78eab33525d08d6e5fb8d27136e95/x/i/xiaomi-redmi-note-7-chinh-hang-xach-tay-vtb_1.jpg
4136,iPhone 15 Pro,Đăng ký nhận tin,https://cdn.cellphones.com.vn/media/catalog/product/cache/7/small_image/9df78eab33525d08d6e5fb8d27136e95/l/d/ld0005886456_1_0005886482.jpg
4137,Vivo S1 Pro 8GB 128GB,Đăng ký nhận tin,https://cdn.cellphones.com.vn/media/catalog/product/cache/7/small_image/9df78eab33525d08d6e5fb8d27136e95/v/i/vivo-s1-pro-ra-mat-3.jpg
4138,Xiaomi Mi 10i,Đăng ký nhận tin,https://cdn.cellphones.com.vn/media/catalog/product/cache/7/small_image/9df78eab33525d08d6e5fb8d27136e95/x/i/xiaomi-mi-10i.jpg
4139,Nokia G11,Đăng ký nhận tin,https://cdn.cellphones.com.vn/media/catalog/product/cache/7/small_image/9df78eab33525d08d6e5fb8d27136e95/n/o/nokia-g11-1.jpg
4140,Vivo S10,Đăng ký nhận tin,https://cdn.cellphones.com.vn/media/catalog/product/cache/7/small_image/9df78eab33525d08d6e5fb8d27136e95/v/i/vivo-s10-600x600_1.jpg
4141,Samsung Galaxy A43,Đăng ký nhận tin,https://cdn.cellphones.com.vn/media/catalog/product/cache/7/small_image/9df78eab33525d08d6e5fb8d27136e95/s/a/samsung-galaxy-a43.jpg
4142,OnePlus 10,Đăng ký nhận tin,https://cdn.cellphones.com.vn/media/catalog/product/cache/7/small_image/9df78eab33525d08d6e5fb8d27136e95/o/n/oneplus-10-pro-5g-dual-sim.jpg
4143,Huawei Enjoy 20 SE,Đăng ký nhận tin,https://cdn.cellphones.com.vn/media/catalog/product/cache/7/small_image/9df78eab33525d08d6e5fb8d27136e95/h/u/huawei-enjoy-20-pro-5g-600x600.jpg
4144,OPPO K10,Đăng ký nhận tin,https://cdn.cellphones.com.vn/media/catalog/product/cache/7/small_image/9df78eab33525d08d6e5fb8d27136e95/o/p/oppo-k10-080322-111251-600x600.jpg
4145,Nokia 1.4,Đăng ký nhận tin,https://cdn.cellphones.com.vn/media/catalog/product/cache/7/small_image/9df78eab33525d08d6e5fb8d27136e95/n/o/nokia-1.4.jpg
4529,Oppo Reno 5K,Đăng ký nhận tin,https://cdn.cellphones.com.vn/media/catalog/product/cache/7/small_image/9df78eab33525d08d6e5fb8d27136e95/o/p/oppo-reno-5k.jpg
4530,Samsung Galaxy A42 5G,Đăng ký nhận tin,https://cdn.cellphones.com.vn/media/catalog/product/cache/7/small_image/9df78eab33525d08d6e5fb8d27136e95/s/s/ss_a42.jpg
4533,ASUS ROG Phone 5 Pro,Đăng ký nhận tin,https://cdn.cellphones.com.vn/media/catalog/product/cache/7/small_image/9df78eab33525d08d6e5fb8d27136e95/a/s/asus-rog-phone-5-pro.jpg
4536,Xiaomi Mi 10T Lite,Đăng ký nhận tin,https://cdn.cellphones.com.vn/media/catalog/product/cache/7/small_image/9df78eab33525d08d6e5fb8d27136e95/x/i/xiaomi-mi-10t-lite.jpg
4537,Pocophone F10,Đăng ký nhận tin,https://cdn.cellphones.com.vn/media/catalog/product/cache/7/small_image/9df78eab33525d08d6e5fb8d27136e95/p/o/pocophone-f2-concept-1_1_.jpg
4539,Samsung Galaxy M22,Đăng ký nhận tin,https://cdn.cellphones.com.vn/media/catalog/product/cache/7/small_image/9df78eab33525d08d6e5fb8d27136e95/s/a/samsung-galaxy-m22_1.jpg
4540,Realme C4,Đăng ký nhận tin,https://cdn.cellphones.com.vn/media/catalog/product/cache/7/small_image/9df78eab33525d08d6e5fb8d27136e95/6/3/636952659466260206_realme-c2-xanh-1-1.png
4542,Xiaomi Note 11,Đăng ký nhận tin,https://cdn.cellphones.com.vn/media/catalog/product/cache/7/small_image/9df78eab33525d08d6e5fb8d27136e95/x/i/xiaomi-mi-note-11.jpg
4543,Nokia XR21 5G,Đăng ký nhận tin,https://cdn.cellphones.com.vn/media/catalog/product/cache/7/small_image/9df78eab33525d08d6e5fb8d27136e95/n/o/nokiax21.jpg
4545,Vsmart Live 5,Đăng ký nhận tin,https://cdn.cellphones.com.vn/media/catalog/product/cache/7/small_image/9df78eab33525d08d6e5fb8d27136e95/v/s/vsmart-live-5.jpg
4953,Samsung Galaxy M22s,Đăng ký nhận tin,https://cdn.cellphones.com.vn/media/catalog/product/cache/7/small_image/9df78eab33525d08d6e5fb8d27136e95/s/a/samsung-galaxy-m22s.jpg
4954,Vivo Y52s,Đăng ký nhận tin,https://cdn.cellphones.com.vn/media/catalog/product/cache/7/small_image/9df78eab33525d08d6e5fb8d27136e95/v/i/vivo-y52s.jpg
4956,Oppo Find X3 Neo,Đăng ký nhận tin,https://cdn.cellphones.com.vn/media/catalog/product/cache/7/small_image/9df78eab33525d08d6e5fb8d27136e95/o/p/oppo-find-x3-neo.jpg
4959,Nokia 8.4,Đăng ký nhận tin,https://cdn.cellphones.com.vn/media/catalog/product/cache/7/small_image/9df78eab33525d08d6e5fb8d27136e95/n/o/nokia-8.4.jpg
4960,Oppo F17,Đăng ký nhận tin,https://cdn.cellphones.com.vn/media/catalog/product/cache/7/small_image/9df78eab33525d08d6e5fb8d27136e95/o/p/oppo-f17-pro_1.jpg
4962,Huawei Nova 7 SE,Đăng ký nhận tin,https://cdn.cellphones.com.vn/media/catalog/product/cache/7/small_image/9df78eab33525d08d6e5fb8d27136e95/h/u/huawei-nova-7-se.jpg
4965,Samsung Galaxy A3 Core,Đăng ký nhận tin,https://cdn.cellphones.com.vn/media/catalog/product/cache/7/small_image/9df78eab33525d08d6e5fb8d27136e95/s/a/samsung-galaxy-a3-core.jpg
4966,Samsung Galaxy W21 5G,Đăng ký nhận tin,https://cdn.cellphones.com.vn/media/catalog/product/cache/7/small_image/9df78eab33525d08d6e5fb8d27136e95/s/a/samsung-w21-5g-283420-093445-600x600.jpg
4969,Huawei Mate 20X,Đăng ký nhận tin,https://cdn.cellphones.com.vn/media/catalog/product/cache/7/small_image/9df78eab33525d08d6e5fb8d27136e95/n/e/new_project_thh.jpg
4971,Samsung Galaxy M32,Đăng ký nhận tin,https://cdn.cellphones.com.vn/media/catalog/product/cache/7/small_image/9df78eab33525d08d6e5fb8d27136e95/s/a/samsung-galaxy-m32.jpg
5395,Oppo Reno 6 Pro Plus,Đăng ký nhận tin,https://cdn.cellphones.com.vn/media/catalog/product/cache/7/small_image/9df78eab33525d08d6e5fb8d27136e95/o/p/oppo-reno-6-pro-plus.jpg
5396,OnePlus Nord N200,Đăng ký nhận tin,https://cdn.cellphones.com.vn/media/catalog/product/cache/7/small_image/9df78eab33525d08d6e5fb8d27136e95/o/n/oneplus-nord-n200.jpg
5397,ASUS ROG Phone 5 Ultimate,Đăng ký nhận tin,https://cdn.cellphones.com.vn/media/catalog/product/cache/7/small_image/9df78eab33525d08d6e5fb8d27136e95/a/s/asus-rog-phone-5-ultimate.jpg
5398,Huawei Mate X2,Đăng ký nhận tin,https://cdn.cellphones.com.vn/media/catalog/product/cache/7/small_image/9df78eab33525d08d6e5fb8d27136e95/h/u/huawei-mate-x2.jpg
5399,Samsung Galaxy S23,Đăng ký nhận tin,https://cdn.cellphones.com.vn/media/catalog/product/cache/7/small_image/9df78eab33525d08d6e5fb8d27136e95/s/m/sm-s901_galaxys22_front_phantomwhite_211122_4_5.jpg
5400,Xiaomi Redmi Note 12,Đăng ký nhận tin,https://cdn.cellphones.com.vn/media/catalog/product/cache/7/small_image/9df78eab33525d08d6e5fb8d27136e95/x/i/xiaomi_redmi_note_.jpg_pro_5g_azul_01_l.jpg
5401,Oppo Reno 4F,Đăng ký nhận tin,https://cdn.cellphones.com.vn/media/catalog/product/cache/7/small_image/9df78eab33525d08d6e5fb8d27136e95/o/p/oppo-reno4f.jpg
5402,Apple iPhone 5S 16GB ,Đăng ký nhận tin,https://cdn.cellphones.com.vn/media/catalog/product/cache/7/small_image/9df78eab33525d08d6e5fb8d27136e95/b/a/bacjc_2.png
5403,OnePlus 9RT,Đăng ký nhận tin,https://cdn.cellphones.com.vn/media/catalog/product/cache/7/small_image/9df78eab33525d08d6e5fb8d27136e95/o/n/oneplus-9rt-600x600.jpg
5404,Samsung Galaxy A54 5G,Đăng ký nhận tin,https://cdn.cellphones.com.vn/media/catalog/product/cache/7/small_image/9df78eab33525d08d6e5fb8d27136e95/s/a/samsung_galaxy_a54_5g.jpg
5405,Pocophone F11,Đăng ký nhận tin,https://cdn.cellphones.com.vn/media/catalog/product/cache/7/small_image/9df78eab33525d08d6e5fb8d27136e95/p/o/pocophone-f2-concept-1_1__1.jpg
5406,Realme GT Neo 2,Đăng ký nhận tin,https://cdn.cellphones.com.vn/media/catalog/product/cache/7/small_image/9df78eab33525d08d6e5fb8d27136e95/r/e/realme-gt-neo2-6k1-099.jpg
5407,Oppo Reno 5 Pro,Đăng ký nhận tin,https://cdn.cellphones.com.vn/media/catalog/product/cache/7/small_image/9df78eab33525d08d6e5fb8d27136e95/o/p/oppo-reno-5-pro-5g.jpg
5408,Honor 8C,Đăng ký nhận tin,https://cdn.cellphones.com.vn/media/catalog/product/cache/7/small_image/9df78eab33525d08d6e5fb8d27136e95/h/o/honor8c.jpg
5409,Xiaomi Civi,Đăng ký nhận tin,https://cdn.cellphones.com.vn/media/catalog/product/cache/7/small_image/9df78eab33525d08d6e5fb8d27136e95/d/o/download_27__1.png
5410,Samsung Galaxy A04s,Đăng ký nhận tin,https://cdn.cellphones.com.vn/media/catalog/product/cache/7/small_image/9df78eab33525d08d6e5fb8d27136e95/s/a/samsung-galaxy-a02s.jpg
5411,Oppo K9s,Đăng ký nhận tin,https://cdn.cellphones.com.vn/media/catalog/product/cache/7/small_image/9df78eab33525d08d6e5fb8d27136e95/o/p/oppo-k9s-600x600.jpg
5412,Samsung Galaxy F32,Đăng ký nhận tin,https://cdn.cellphones.com.vn/media/catalog/product/cache/7/small_image/9df78eab33525d08d6e5fb8d27136e95/s/a/samsung-galaxy-f32.jpg
5413,Oppo Reno7 SE,Đăng ký nhận tin,https://cdn.cellphones.com.vn/media/catalog/product/cache/7/small_image/9df78eab33525d08d6e5fb8d27136e95/o/p/oppo-reno7-se-5g.jpg
5414,Xiaomi 12X,Đăng ký nhận tin,https://cdn.cellphones.com.vn/media/catalog/product/cache/7/small_image/9df78eab33525d08d6e5fb8d27136e95/p/m/pms_1640680536.45871364.png
5858,OPPO Find X3 Lite,Đăng ký nhận tin,https://cdn.cellphones.com.vn/media/catalog/product/cache/7/small_image/9df78eab33525d08d6e5fb8d27136e95/o/p/oppo-find-x3-pro_2.jpg
5859,OPPO A16e,Đăng ký nhận tin,https://cdn.cellphones.com.vn/media/catalog/product/cache/7/small_image/9df78eab33525d08d6e5fb8d27136e95/b/a/baglewzwucjmxsnm.jpg
5860,Vivo X70T Pro,Đăng ký nhận tin,https://cdn.cellphones.com.vn/media/catalog/product/cache/7/small_image/9df78eab33525d08d6e5fb8d27136e95/6/3/637656781154342195_vivo-x70t-pro-v2135a-geekbench-cover.jpg
5861,Oppo K9 Pro,Đăng ký nhận tin,https://cdn.cellphones.com.vn/media/catalog/product/cache/7/small_image/9df78eab33525d08d6e5fb8d27136e95/o/p/oppo_g_.png
5862,Vivo S9e,Đăng ký nhận tin,https://cdn.cellphones.com.vn/media/catalog/product/cache/7/small_image/9df78eab33525d08d6e5fb8d27136e95/v/i/vivo-s9e.jpg
5863,Vivo T1 Pro 5G,Đăng ký nhận tin,https://cdn.cellphones.com.vn/media/catalog/product/cache/7/small_image/9df78eab33525d08d6e5fb8d27136e95/t/_/t_i_xu_ng_12__1_5.png
5864,Nokia G300,Đăng ký nhận tin,https://cdn.cellphones.com.vn/media/catalog/product/cache/7/small_image/9df78eab33525d08d6e5fb8d27136e95/d/o/download_37__19.png
5865,Xiaomi 12S Pro,Đăng ký nhận tin,https://cdn.cellphones.com.vn/media/catalog/product/cache/7/small_image/9df78eab33525d08d6e5fb8d27136e95/_/0/_0002_xiaomi-12s-pro-600x600.jpg
5866,Xiaomi Redmi 9i,Đăng ký nhận tin,https://cdn.cellphones.com.vn/media/catalog/product/cache/7/small_image/9df78eab33525d08d6e5fb8d27136e95/x/i/xiaomi-redmi-9i_1.jpg
5867,Vsmart Bee Lite 2,Đăng ký nhận tin,https://cdn.cellphones.com.vn/media/catalog/product/cache/7/small_image/9df78eab33525d08d6e5fb8d27136e95/v/s/vsmart-bee-lite-2.jpg
5868,Huawei Nova 5,Đăng ký nhận tin,https://cdn.cellphones.com.vn/media/catalog/product/cache/7/small_image/9df78eab33525d08d6e5fb8d27136e95/h/u/huawei-nova-4-1-400x460_1_2.png
5869,Xiaomi Redmi 10A,Đăng ký nhận tin,https://cdn.cellphones.com.vn/media/catalog/product/cache/7/small_image/9df78eab33525d08d6e5fb8d27136e95/x/i/xiaomi-redmi-9a-xanhla-600x600-200x200.jpg
5870,Huawei Nova 8 SE,Đăng ký nhận tin,https://cdn.cellphones.com.vn/media/catalog/product/cache/7/small_image/9df78eab33525d08d6e5fb8d27136e95/h/u/huawei-nova-8-se.jpg
5871,Asus ROG Phone 6,Đăng ký nhận tin,https://cdn.cellphones.com.vn/media/catalog/product/cache/7/small_image/9df78eab33525d08d6e5fb8d27136e95/a/s/asus-rog-phone-6.jpg
5872,Samsung Galaxy Z Flip Lite,Đăng ký nhận tin,https://cdn.cellphones.com.vn/media/catalog/product/cache/7/small_image/9df78eab33525d08d6e5fb8d27136e95/z/-/z-flip-lite.jpg
5873,Realme Ace,Đăng ký nhận tin,https://cdn.cellphones.com.vn/media/catalog/product/cache/7/small_image/9df78eab33525d08d6e5fb8d27136e95/r/e/realme-ace.jpg
5874,Samsung Galaxy F23 5G,Đăng ký nhận tin,https://cdn.cellphones.com.vn/media/catalog/product/cache/7/small_image/9df78eab33525d08d6e5fb8d27136e95/t/_/t_i_xu_ng_2__3_11.png
5875,Xiaomi Mi Mix Flip,Đăng ký nhận tin,https://cdn.cellphones.com.vn/media/catalog/product/cache/7/small_image/9df78eab33525d08d6e5fb8d27136e95/x/i/xiaomi_mi_mix_flip.jpg
5876,Xiaomi POCO X4 Pro,Đăng ký nhận tin,https://cdn.cellphones.com.vn/media/catalog/product/cache/7/small_image/9df78eab33525d08d6e5fb8d27136e95/4/0/40_1_21.jpg
5877,Xiaomi Redmi Note 10 JE,Đăng ký nhận tin,https://cdn.cellphones.com.vn/media/catalog/product/cache/7/small_image/9df78eab33525d08d6e5fb8d27136e95/x/i/xiaomi-redmi-note-10-je-600x600.jpg
6341,iPhone 14 Pro,Đăng ký nhận tin,https://cdn.cellphones.com.vn/media/catalog/product/cache/7/small_image/9df78eab33525d08d6e5fb8d27136e95/i/p/iphone-13-pro-max-gold-1-600x600_1_1.jpg
6342,Oppo A93s,Đăng ký nhận tin,https://cdn.cellphones.com.vn/media/catalog/product/cache/7/small_image/9df78eab33525d08d6e5fb8d27136e95/o/p/oppo_a93s_5g_1627279656546.jpg
6343,Realme C15s,Đăng ký nhận tin,https://cdn.cellphones.com.vn/media/catalog/product/cache/7/small_image/9df78eab33525d08d6e5fb8d27136e95/r/e/realme-c15s.jpg
6344,Nokia 9,Đăng ký nhận tin,https://cdn.cellphones.com.vn/media/catalog/product/cache/7/small_image/9df78eab33525d08d6e5fb8d27136e95/placeholder/default/1000x1000_1.jpg
6345,Samsung Galaxy M13 5G,Đăng ký nhận tin,https://cdn.cellphones.com.vn/media/catalog/product/cache/7/small_image/9df78eab33525d08d6e5fb8d27136e95/s/a/samsunggalaxym12.jpg
6346,Realme 4 Pro,Đăng ký nhận tin,https://cdn.cellphones.com.vn/media/catalog/product/cache/7/small_image/9df78eab33525d08d6e5fb8d27136e95/p/h/photo_2019-06-04_17-22-35_1.jpg
6347,Xiaomi Mi Mix 5,Đăng ký nhận tin,https://cdn.cellphones.com.vn/media/catalog/product/cache/7/small_image/9df78eab33525d08d6e5fb8d27136e95/x/i/xiaomi-mi-mix-4-600x600_2.jpg
6348,Realme XT 730G,Đăng ký nhận tin,https://cdn.cellphones.com.vn/media/catalog/product/cache/7/small_image/9df78eab33525d08d6e5fb8d27136e95/6/3/637039912038505433_realme-xt-1.png
6349,Vivo T2 5G,Đăng ký nhận tin,https://cdn.cellphones.com.vn/media/catalog/product/cache/7/small_image/9df78eab33525d08d6e5fb8d27136e95/2/9/29_2_28.jpg
6350,Vivo X60,Đăng ký nhận tin,https://cdn.cellphones.com.vn/media/catalog/product/cache/7/small_image/9df78eab33525d08d6e5fb8d27136e95/v/i/vivo-x60.jpg
6351,Nokia 6.4,Đăng ký nhận tin,https://cdn.cellphones.com.vn/media/catalog/product/cache/7/small_image/9df78eab33525d08d6e5fb8d27136e95/n/o/nokia-6.4.jpg
6352,Samsung Galaxy Z Flip4,Đăng ký nhận tin,https://cdn.cellphones.com.vn/media/catalog/product/cache/7/small_image/9df78eab33525d08d6e5fb8d27136e95/8/0/800x800_flip_3_cream_5_2.png
6353,Realme Q3,Đăng ký nhận tin,https://cdn.cellphones.com.vn/media/catalog/product/cache/7/small_image/9df78eab33525d08d6e5fb8d27136e95/r/e/realme-q-2020-150820-110822-400x400.jpg
6354,Huawei Mate 40 Pro,Đăng ký nhận tin,https://cdn.cellphones.com.vn/media/catalog/product/cache/7/small_image/9df78eab33525d08d6e5fb8d27136e95/h/u/huawei-mate-40-pro_4_.jpg
6355,Vivo Y21T,Đăng ký nhận tin,https://cdn.cellphones.com.vn/media/catalog/product/cache/7/small_image/9df78eab33525d08d6e5fb8d27136e95/1/6/16-2-784x441-001.jpg
6356,Nubia Z30 Pro,Đăng ký nhận tin,https://cdn.cellphones.com.vn/media/catalog/product/cache/7/small_image/9df78eab33525d08d6e5fb8d27136e95/n/u/nubia-z30-pro.jpg
6357,Samsung Galaxy M31s,Đăng ký nhận tin,https://cdn.cellphones.com.vn/media/catalog/product/cache/7/small_image/9df78eab33525d08d6e5fb8d27136e95/s/a/samsung-galaxy-m31s.jpg
6358,Xiaomi 12 Ultra,Đăng ký nhận tin,https://cdn.cellphones.com.vn/media/catalog/product/cache/7/small_image/9df78eab33525d08d6e5fb8d27136e95/x/i/xiaomi-mi-12-ultra-1-600x600_1_.jpg
6359,Xiaomi Poco C3,Đăng ký nhận tin,https://cdn.cellphones.com.vn/media/catalog/product/cache/7/small_image/9df78eab33525d08d6e5fb8d27136e95/x/i/xiaomi-poco-c3-cam_1.jpg
6360,Oppo Reno 8 Pro Plus,Đăng ký nhận tin,https://cdn.cellphones.com.vn/media/catalog/product/cache/7/small_image/9df78eab33525d08d6e5fb8d27136e95/o/p/opp_1_.png
6844,Huawei Nova 9 SE,Đăng ký nhận tin,https://cdn.cellphones.com.vn/media/catalog/product/cache/7/small_image/9df78eab33525d08d6e5fb8d27136e95/a/6/a66788.jpg
6847,Xiaomi Mi 11i 8G 256GB,Đăng ký nhận tin,https://cdn.cellphones.com.vn/media/catalog/product/cache/7/small_image/9df78eab33525d08d6e5fb8d27136e95/x/i/xiaomi-mi-11i-5g.jpg
6856,Tecno POP 5 LTE,2.150.000 ₫,https://cdn.cellphones.com.vn/media/catalog/product/cache/7/small_image/9df78eab33525d08d6e5fb8d27136e95/t/e/tecno-pop-5-lte-3.jpg
7367,Xiaomi Mi 11X,Đăng ký nhận tin,https://cdn.cellphones.com.vn/media/catalog/product/cache/7/small_image/9df78eab33525d08d6e5fb8d27136e95/x/i/xiaomi-mi-11x-1_1.jpg
7368,Realme X9 5G,Đăng ký nhận tin,https://cdn.cellphones.com.vn/media/catalog/product/cache/7/small_image/9df78eab33525d08d6e5fb8d27136e95/r/e/realme-x9.jpg
7369,Samsung Galaxy Xcover 5,Đăng ký nhận tin,https://cdn.cellphones.com.vn/media/catalog/product/cache/7/small_image/9df78eab33525d08d6e5fb8d27136e95/s/a/samsung-galaxy-xcover-5.jpg
7370,Nokia G400,Đăng ký nhận tin,https://cdn.cellphones.com.vn/media/catalog/product/cache/7/small_image/9df78eab33525d08d6e5fb8d27136e95/t/_/t_i_xu_ng_12__1_1.png
7371,OnePlus 10R,Đăng ký nhận tin,https://cdn.cellphones.com.vn/media/catalog/product/cache/7/small_image/9df78eab33525d08d6e5fb8d27136e95/o/n/oneplus-10r.jpg
7372,Samsung Galaxy M42,Đăng ký nhận tin,https://cdn.cellphones.com.vn/media/catalog/product/cache/7/small_image/9df78eab33525d08d6e5fb8d27136e95/s/a/samsung-galaxy-m42-600x600-600x600.jpg
7374,Samsung Galaxy M62,Đăng ký nhận tin,https://cdn.cellphones.com.vn/media/catalog/product/cache/7/small_image/9df78eab33525d08d6e5fb8d27136e95/s/a/samsung-galaxy-m62_2_.jpg
7377,Samsung Galaxy M02s,Đăng ký nhận tin,https://cdn.cellphones.com.vn/media/catalog/product/cache/7/small_image/9df78eab33525d08d6e5fb8d27136e95/s/a/samsung-galaxy-m02s.jpg
7379,Oppo A8 2020,Đăng ký nhận tin,https://cdn.cellphones.com.vn/media/catalog/product/cache/7/small_image/9df78eab33525d08d6e5fb8d27136e95/o/p/oppoa81_800x486-removebg-preview.png
7382,Realme Q2,Đăng ký nhận tin,https://cdn.cellphones.com.vn/media/catalog/product/cache/7/small_image/9df78eab33525d08d6e5fb8d27136e95/r/e/realme-q2.jpg
7386,OnePlus 9,Đăng ký nhận tin,https://cdn.cellphones.com.vn/media/catalog/product/cache/7/small_image/9df78eab33525d08d6e5fb8d27136e95/o/n/oneplus-9.jpg
7910,Oppo A55s,Đăng ký nhận tin,https://cdn.cellphones.com.vn/media/catalog/product/cache/7/small_image/9df78eab33525d08d6e5fb8d27136e95/a/5/a55s.jpg
7912,Xiaomi Redmi Note 11T 5G,Đăng ký nhận tin,https://cdn.cellphones.com.vn/media/catalog/product/cache/7/small_image/9df78eab33525d08d6e5fb8d27136e95/p/m/pms_1638175358.36024864.jpg
7913,Realme Narzo 9i,Đăng ký nhận tin,https://cdn.cellphones.com.vn/media/catalog/product/cache/7/small_image/9df78eab33525d08d6e5fb8d27136e95/r/e/realme-narzo-9i-600x600.jpg
7914,Xiaomi Poco M3 Pro,Đăng ký nhận tin,https://cdn.cellphones.com.vn/media/catalog/product/cache/7/small_image/9df78eab33525d08d6e5fb8d27136e95/x/i/xiaomi-poco-m3-pro.jpg
7915,Vivo Y10,Đăng ký nhận tin,https://cdn.cellphones.com.vn/media/catalog/product/cache/7/small_image/9df78eab33525d08d6e5fb8d27136e95/v/i/vivo-y10-600x600.jpg
7916,Vivo Y73,Đăng ký nhận tin,https://cdn.cellphones.com.vn/media/catalog/product/cache/7/small_image/9df78eab33525d08d6e5fb8d27136e95/v/i/vivo-y73-red-600x600.png
7918,Điện thoại Phillips E506,Đăng ký nhận tin,https://cdn.cellphones.com.vn/media/catalog/product/cache/7/small_image/9df78eab33525d08d6e5fb8d27136e95/p/h/philips-xenium-e506-4g-3_.png
7920,Vivo S10 Pro,Đăng ký nhận tin,https://cdn.cellphones.com.vn/media/catalog/product/cache/7/small_image/9df78eab33525d08d6e5fb8d27136e95/v/i/vivo-s10-pro-1-600x600.jpg
7924,Xiaomi Redmi 10 Prime Plus,Đăng ký nhận tin,https://cdn.cellphones.com.vn/media/catalog/product/cache/7/small_image/9df78eab33525d08d6e5fb8d27136e95/p/m/pms_1630575866.41989059.png
7927,Samsung Galaxy M31 Prime,Đăng ký nhận tin,https://cdn.cellphones.com.vn/media/catalog/product/cache/7/small_image/9df78eab33525d08d6e5fb8d27136e95/n/3/n35521717a_1.jpg.png
7929,Vivo S7e 5G,Đăng ký nhận tin,https://cdn.cellphones.com.vn/media/catalog/product/cache/7/small_image/9df78eab33525d08d6e5fb8d27136e95/v/i/vivo-s7e-5g.jpg
8475,ASUS ZenFone 9,Đăng ký nhận tin,https://cdn.cellphones.com.vn/media/catalog/product/cache/7/small_image/9df78eab33525d08d6e5fb8d27136e95/a/s/asus-zenfone-8-2021-premium-edition-global-dual-sim-td-lte-zs590ks-256gb-asus-s590-detailed-tech-specs_60b572a7f36d0.jpeg
8476,Xiaomi Mi CC10,Đăng ký nhận tin,https://cdn.cellphones.com.vn/media/catalog/product/cache/7/small_image/9df78eab33525d08d6e5fb8d27136e95/x/i/xiaomi-mi-cc10.jpg
8486,Huawei Nova 9 Pro,Đăng ký nhận tin,https://cdn.cellphones.com.vn/media/catalog/product/cache/7/small_image/9df78eab33525d08d6e5fb8d27136e95/h/u/huawei-nova-9-pro-600x600.jpg
8487,Realme Q3s,Đăng ký nhận tin,https://cdn.cellphones.com.vn/media/catalog/product/cache/7/small_image/9df78eab33525d08d6e5fb8d27136e95/r/e/realme-q3s-600x600.jpg
8488,Realme C21,Đăng ký nhận tin,https://cdn.cellphones.com.vn/media/catalog/product/cache/7/small_image/9df78eab33525d08d6e5fb8d27136e95/r/e/realme-c21.png
8489,Oppo Reno 8 Pro,Đăng ký nhận tin,https://cdn.cellphones.com.vn/media/catalog/product/cache/7/small_image/9df78eab33525d08d6e5fb8d27136e95/o/p/opp.png
8490,Huawei Mate 40,Đăng ký nhận tin,https://cdn.cellphones.com.vn/media/catalog/product/cache/7/small_image/9df78eab33525d08d6e5fb8d27136e95/h/u/huawei-mate-40_1_.jpg
8492,Xiaomi Mi Mix 4 Pro Max,Đăng ký nhận tin,https://cdn.cellphones.com.vn/media/catalog/product/cache/7/small_image/9df78eab33525d08d6e5fb8d27136e95/x/i/xiaomi-mi-mix-4-pro-max.jpg
